[{
	"_id": {
		"$oid": "5c0acf5208a9d81b53d56289"
	},
	"books": [
		{
			"$oid": "5c0ad06b9033b01bc0c8d617"
		},
		{
			"$oid": "5c0ad06b9033b01bc0c8d645"
		}
	],
	"name": "Aprilynne Pike",
	"authorCode": "pikeaprilynne",
	"biography": "Neque porro quisquam est qui dolorem ipsum quia dolor sit amet, consectetur, adipisci velit…",
	"profileImageUrl": "https://picsum.photos/200/300/?random",
	"createdAt": {
		"$date": "2018-12-07T19:51:46.169Z"
	},
	"updatedAt": {
		"$date": "2018-12-07T19:56:27.918Z"
	},
	"__v": 0
},
{
	"_id": {
		"$oid": "5c0accf6b9bada1a75498b6b"
	},
	"books": [
		{
			"$oid": "5c0acd9b712c951a9ef7c328"
		},
		{
			"$oid": "5c0acd9b712c951a9ef7c32a"
		},
		{
			"$oid": "5c0acd9b712c951a9ef7c32c"
		},
		{
			"$oid": "5c0acd9b712c951a9ef7c32e"
		},
		{
			"$oid": "5c0acd9b712c951a9ef7c326"
		},
		{
			"$oid": "5c0acd9b712c951a9ef7c330"
		}
	],
	"name": "J. K. Rowling",
	"authorCode": "rowlingjk",
	"biography": "Neque porro quisquam est qui dolorem ipsum quia dolor sit amet, consectetur, adipisci velit…",
	"profileImageUrl": "https://picsum.photos/200/300/?random",
	"createdAt": {
		"$date": "2018-12-07T19:41:42.715Z"
	},
	"updatedAt": {
		"$date": "2018-12-07T19:44:27.227Z"
	},
	"__v": 0
},
{
	"_id": {
		"$oid": "5c0acf5208a9d81b53d5628a"
	},
	"books": [
		{
			"$oid": "5c0ad06b9033b01bc0c8d653"
		},
		{
			"$oid": "5c0ad06b9033b01bc0c8d62b"
		},
		{
			"$oid": "5c0ad06b9033b01bc0c8d62f"
		}
	],
	"name": "Meg Cabot",
	"authorCode": "cabotmeg",
	"biography": "Neque porro quisquam est qui dolorem ipsum quia dolor sit amet, consectetur, adipisci velit…",
	"profileImageUrl": "https://picsum.photos/200/300/?random",
	"createdAt": {
		"$date": "2018-12-07T19:51:46.207Z"
	},
	"updatedAt": {
		"$date": "2018-12-07T19:56:27.929Z"
	},
	"__v": 0
},
{
	"_id": {
		"$oid": "5c0acf5208a9d81b53d5628d"
	},
	"books": [
		{
			"$oid": "5c0ad06b9033b01bc0c8d649"
		}
	],
	"name": "Philip Pullman",
	"authorCode": "pullmanphilip",
	"biography": "Neque porro quisquam est qui dolorem ipsum quia dolor sit amet, consectetur, adipisci velit…",
	"profileImageUrl": "https://picsum.photos/200/300/?random",
	"createdAt": {
		"$date": "2018-12-07T19:51:46.207Z"
	},
	"updatedAt": {
		"$date": "2018-12-07T19:56:27.880Z"
	},
	"__v": 0
},
{
	"_id": {
		"$oid": "5c0acf5208a9d81b53d56284"
	},
	"books": [
		{
			"$oid": "5c0ad06b9033b01bc0c8d613"
		},
		{
			"$oid": "5c0ad06b9033b01bc0c8d619"
		},
		{
			"$oid": "5c0ad06b9033b01bc0c8d60f"
		},
		{
			"$oid": "5c0ad06b9033b01bc0c8d61d"
		}
	],
	"name": "Christopher Paolini",
	"authorCode": "paolinichristopher",
	"biography": "Neque porro quisquam est qui dolorem ipsum quia dolor sit amet, consectetur, adipisci velit…",
	"profileImageUrl": "https://picsum.photos/200/300/?random",
	"createdAt": {
		"$date": "2018-12-07T19:51:46.165Z"
	},
	"updatedAt": {
		"$date": "2018-12-07T19:56:27.944Z"
	},
	"__v": 0
},
{
	"_id": {
		"$oid": "5c0acf5208a9d81b53d56288"
	},
	"books": [
		{
			"$oid": "5c0ad06b9033b01bc0c8d615"
		}
	],
	"name": "Cat Patrick",
	"authorCode": "patrickcat",
	"biography": "Neque porro quisquam est qui dolorem ipsum quia dolor sit amet, consectetur, adipisci velit…",
	"profileImageUrl": "https://picsum.photos/200/300/?random",
	"createdAt": {
		"$date": "2018-12-07T19:51:46.169Z"
	},
	"updatedAt": {
		"$date": "2018-12-07T19:56:27.910Z"
	},
	"__v": 0
},
{
	"_id": {
		"$oid": "5c0acf5208a9d81b53d56281"
	},
	"books": [
		{
			"$oid": "5c0ad06b9033b01bc0c8d609"
		},
		{
			"$oid": "5c0ad06b9033b01bc0c8d60d"
		},
		{
			"$oid": "5c0ad06b9033b01bc0c8d611"
		},
		{
			"$oid": "5c0ad06b9033b01bc0c8d60b"
		},
		{
			"$oid": "5c0ad06b9033b01bc0c8d643"
		}
	],
	"name": "Stephenie Meyer",
	"authorCode": "meyerstephenie",
	"biography": "Neque porro quisquam est qui dolorem ipsum quia dolor sit amet, consectetur, adipisci velit…",
	"profileImageUrl": "https://picsum.photos/200/300/?random",
	"createdAt": {
		"$date": "2018-12-07T19:51:46.157Z"
	},
	"updatedAt": {
		"$date": "2018-12-07T19:56:27.937Z"
	},
	"__v": 0
},
{
	"_id": {
		"$oid": "5c0acf5208a9d81b53d5628c"
	},
	"books": [
		{
			"$oid": "5c0ad06b9033b01bc0c8d647"
		}
	],
	"name": "Jennifer E. Smith",
	"authorCode": "smithjennifere",
	"biography": "Neque porro quisquam est qui dolorem ipsum quia dolor sit amet, consectetur, adipisci velit…",
	"profileImageUrl": "https://picsum.photos/200/300/?random",
	"createdAt": {
		"$date": "2018-12-07T19:51:46.207Z"
	},
	"updatedAt": {
		"$date": "2018-12-07T19:56:27.911Z"
	},
	"__v": 0
},
{
	"_id": {
		"$oid": "5c0acf5208a9d81b53d56293"
	},
	"books": [
		{
			"$oid": "5c0ad06b9033b01bc0c8d62d"
		}
	],
	"name": "Claire Loup",
	"authorCode": "loupclaire",
	"biography": "Neque porro quisquam est qui dolorem ipsum quia dolor sit amet, consectetur, adipisci velit…",
	"profileImageUrl": "https://picsum.photos/200/300/?random",
	"createdAt": {
		"$date": "2018-12-07T19:51:46.207Z"
	},
	"updatedAt": {
		"$date": "2018-12-07T19:56:27.910Z"
	},
	"__v": 0
},
{
	"_id": {
		"$oid": "5c0acf5208a9d81b53d56290"
	},
	"books": [
		{
			"$oid": "5c0ad06b9033b01bc0c8d641"
		},
		{
			"$oid": "5c0ad06b9033b01bc0c8d627"
		},
		{
			"$oid": "5c0ad06b9033b01bc0c8d64f"
		}
	],
	"name": "Veronica Roth",
	"authorCode": "rothveronica",
	"biography": "Neque porro quisquam est qui dolorem ipsum quia dolor sit amet, consectetur, adipisci velit…",
	"profileImageUrl": "https://picsum.photos/200/300/?random",
	"createdAt": {
		"$date": "2018-12-07T19:51:46.207Z"
	},
	"updatedAt": {
		"$date": "2018-12-07T19:56:27.929Z"
	},
	"__v": 0
},
{
	"_id": {
		"$oid": "5c0acf5208a9d81b53d5628f"
	},
	"books": [
		{
			"$oid": "5c0ad06b9033b01bc0c8d635"
		},
		{
			"$oid": "5c0ad06b9033b01bc0c8d64d"
		},
		{
			"$oid": "5c0ad06b9033b01bc0c8d625"
		}
	],
	"name": "Kerstin Gier",
	"authorCode": "gierkerstin",
	"biography": "Neque porro quisquam est qui dolorem ipsum quia dolor sit amet, consectetur, adipisci velit…",
	"profileImageUrl": "https://picsum.photos/200/300/?random",
	"createdAt": {
		"$date": "2018-12-07T19:51:46.207Z"
	},
	"updatedAt": {
		"$date": "2018-12-07T19:56:27.911Z"
	},
	"__v": 0
},
{
	"_id": {
		"$oid": "5c0acf5208a9d81b53d5628e"
	},
	"books": [
		{
			"$oid": "5c0ad06b9033b01bc0c8d63f"
		},
		{
			"$oid": "5c0ad06b9033b01bc0c8d623"
		},
		{
			"$oid": "5c0ad06b9033b01bc0c8d64b"
		}
	],
	"name": "Ally Condie",
	"authorCode": "condieally",
	"biography": "Neque porro quisquam est qui dolorem ipsum quia dolor sit amet, consectetur, adipisci velit…",
	"profileImageUrl": "https://picsum.photos/200/300/?random",
	"createdAt": {
		"$date": "2018-12-07T19:51:46.207Z"
	},
	"updatedAt": {
		"$date": "2018-12-07T19:56:27.929Z"
	},
	"__v": 0
},
{
	"_id": {
		"$oid": "5c0acf5208a9d81b53d56295"
	},
	"books": [
		{
			"$oid": "5c0ad06b9033b01bc0c8d631"
		},
		{
			"$oid": "5c0ad06b9033b01bc0c8d659"
		}
	],
	"name": "Candace Bushnell",
	"authorCode": "bushnellcandace",
	"biography": "Neque porro quisquam est qui dolorem ipsum quia dolor sit amet, consectetur, adipisci velit…",
	"profileImageUrl": "https://picsum.photos/200/300/?random",
	"createdAt": {
		"$date": "2018-12-07T19:51:46.207Z"
	},
	"updatedAt": {
		"$date": "2018-12-07T19:56:27.929Z"
	},
	"__v": 0
},
{
	"_id": {
		"$oid": "5c0acf5208a9d81b53d56296"
	},
	"books": [],
	"name": "",
	"authorCode": "",
	"biography": "Neque porro quisquam est qui dolorem ipsum quia dolor sit amet, consectetur, adipisci velit…",
	"profileImageUrl": "https://picsum.photos/200/300/?random",
	"createdAt": {
		"$date": "2018-12-07T19:51:46.207Z"
	},
	"updatedAt": {
		"$date": "2018-12-07T19:51:46.207Z"
	},
	"__v": 0
},
{
	"_id": {
		"$oid": "5c0acf5208a9d81b53d56298"
	},
	"books": [
		{
			"$oid": "5c0ad06b9033b01bc0c8d637"
		}
	],
	"name": "Suzanne Collins",
	"authorCode": "collinssuzanne",
	"biography": "Neque porro quisquam est qui dolorem ipsum quia dolor sit amet, consectetur, adipisci velit…",
	"profileImageUrl": "https://picsum.photos/200/300/?random",
	"createdAt": {
		"$date": "2018-12-07T19:51:46.207Z"
	},
	"updatedAt": {
		"$date": "2018-12-07T19:56:27.929Z"
	},
	"__v": 0
},
{
	"_id": {
		"$oid": "5c0acf5208a9d81b53d56299"
	},
	"books": [
		{
			"$oid": "5c0ad06b9033b01bc0c8d639"
		}
	],
	"name": "Elana Johnson",
	"authorCode": "johnsonelana",
	"biography": "Neque porro quisquam est qui dolorem ipsum quia dolor sit amet, consectetur, adipisci velit…",
	"profileImageUrl": "https://picsum.photos/200/300/?random",
	"createdAt": {
		"$date": "2018-12-07T19:51:46.207Z"
	},
	"updatedAt": {
		"$date": "2018-12-07T19:56:27.910Z"
	},
	"__v": 0
},
{
	"_id": {
		"$oid": "5c0acf5208a9d81b53d56291"
	},
	"books": [
		{
			"$oid": "5c0ad06b9033b01bc0c8d61b"
		}
	],
	"name": "Sophie Kinsella",
	"authorCode": "kinsellasophie",
	"biography": "Neque porro quisquam est qui dolorem ipsum quia dolor sit amet, consectetur, adipisci velit…",
	"profileImageUrl": "https://picsum.photos/200/300/?random",
	"createdAt": {
		"$date": "2018-12-07T19:51:46.207Z"
	},
	"updatedAt": {
		"$date": "2018-12-07T19:56:27.929Z"
	},
	"__v": 0
},
{
	"_id": {
		"$oid": "5c0acf5208a9d81b53d5629a"
	},
	"books": [
		{
			"$oid": "5c0ad06b9033b01bc0c8d655"
		}
	],
	"name": "Jenny Downham",
	"authorCode": "downhamjenny",
	"biography": "Neque porro quisquam est qui dolorem ipsum quia dolor sit amet, consectetur, adipisci velit…",
	"profileImageUrl": "https://picsum.photos/200/300/?random",
	"createdAt": {
		"$date": "2018-12-07T19:51:46.207Z"
	},
	"updatedAt": {
		"$date": "2018-12-07T19:56:27.929Z"
	},
	"__v": 0
},
{
	"_id": {
		"$oid": "5c0acf5208a9d81b53d5629b"
	},
	"books": [
		{
			"$oid": "5c0ad06b9033b01bc0c8d657"
		}
	],
	"name": "Lisa Azuelos",
	"authorCode": "azueloslisa",
	"biography": "Neque porro quisquam est qui dolorem ipsum quia dolor sit amet, consectetur, adipisci velit…",
	"profileImageUrl": "https://picsum.photos/200/300/?random",
	"createdAt": {
		"$date": "2018-12-07T19:51:46.207Z"
	},
	"updatedAt": {
		"$date": "2018-12-07T19:56:27.929Z"
	},
	"__v": 0
},
{
	"_id": {
		"$oid": "5c0acf5208a9d81b53d5629e"
	},
	"books": [
		{
			"$oid": "5c0ad06b9033b01bc0c8d65b"
		}
	],
	"name": "E L James",
	"authorCode": "jamesel",
	"biography": "Neque porro quisquam est qui dolorem ipsum quia dolor sit amet, consectetur, adipisci velit…",
	"profileImageUrl": "https://picsum.photos/200/300/?random",
	"createdAt": {
		"$date": "2018-12-07T19:51:46.207Z"
	},
	"updatedAt": {
		"$date": "2018-12-07T19:56:27.910Z"
	},
	"__v": 0
},
{
	"_id": {
		"$oid": "5c0acf5208a9d81b53d562a1"
	},
	"books": [
		{
			"$oid": "5c0ad06b9033b01bc0c8d63b"
		}
	],
	"name": "Agnès Abécassis",
	"authorCode": "abeacutecassisagnegr",
	"biography": "Neque porro quisquam est qui dolorem ipsum quia dolor sit amet, consectetur, adipisci velit…",
	"profileImageUrl": "https://picsum.photos/200/300/?random",
	"createdAt": {
		"$date": "2018-12-07T19:51:46.207Z"
	},
	"updatedAt": {
		"$date": "2018-12-07T19:56:27.911Z"
	},
	"__v": 0
},
{
	"_id": {
		"$oid": "5c0acf5208a9d81b53d562a2"
	},
	"books": [
		{
			"$oid": "5c0ad06b9033b01bc0c8d63d"
		}
	],
	"name": "Lauren Weisberger",
	"authorCode": "weisbergerlauren",
	"biography": "Neque porro quisquam est qui dolorem ipsum quia dolor sit amet, consectetur, adipisci velit…",
	"profileImageUrl": "https://picsum.photos/200/300/?random",
	"createdAt": {
		"$date": "2018-12-07T19:51:46.208Z"
	},
	"updatedAt": {
		"$date": "2018-12-07T19:56:27.929Z"
	},
	"__v": 0
},
{
	"_id": {
		"$oid": "5c0acf5208a9d81b53d562a9"
	},
	"books": [
		{
			"$oid": "5c0ad06b9033b01bc0c8d61f"
		}
	],
	"name": "Kate Brian",
	"authorCode": "briankate",
	"biography": "Neque porro quisquam est qui dolorem ipsum quia dolor sit amet, consectetur, adipisci velit…",
	"profileImageUrl": "https://picsum.photos/200/300/?random",
	"createdAt": {
		"$date": "2018-12-07T19:51:46.208Z"
	},
	"updatedAt": {
		"$date": "2018-12-07T19:56:27.911Z"
	},
	"__v": 0
},
{
	"_id": {
		"$oid": "5c0acf5208a9d81b53d562aa"
	},
	"books": [
		{
			"$oid": "5c0ad06b9033b01bc0c8d621"
		}
	],
	"name": "Scott Westerfeld",
	"authorCode": "westerfeldscott",
	"biography": "Neque porro quisquam est qui dolorem ipsum quia dolor sit amet, consectetur, adipisci velit…",
	"profileImageUrl": "https://picsum.photos/200/300/?random",
	"createdAt": {
		"$date": "2018-12-07T19:51:46.208Z"
	},
	"updatedAt": {
		"$date": "2018-12-07T19:56:27.929Z"
	},
	"__v": 0
},
{
	"_id": {
		"$oid": "5c0acf5208a9d81b53d562ae"
	},
	"books": [
		{
			"$oid": "5c0ad06b9033b01bc0c8d629"
		}
	],
	"name": "John Green",
	"authorCode": "greenjohn",
	"biography": "Neque porro quisquam est qui dolorem ipsum quia dolor sit amet, consectetur, adipisci velit…",
	"profileImageUrl": "https://picsum.photos/200/300/?random",
	"createdAt": {
		"$date": "2018-12-07T19:51:46.208Z"
	},
	"updatedAt": {
		"$date": "2018-12-07T19:56:27.911Z"
	},
	"__v": 0
},
{
	"_id": {
		"$oid": "5c0ad1da7c05971bf155a00b"
	},
	"books": [
		{
			"$oid": "5c0ad23c8226ce1c191a17e9"
		}
	],
	"name": "The Gale Group",
	"authorCode": "thegalegroup",
	"biography": "Neque porro quisquam est qui dolorem ipsum quia dolor sit amet, consectetur, adipisci velit…",
	"profileImageUrl": "https://picsum.photos/200/300/?random",
	"createdAt": {
		"$date": "2018-12-07T20:02:34.609Z"
	},
	"updatedAt": {
		"$date": "2018-12-07T20:04:13.247Z"
	},
	"__v": 0
},
{
	"_id": {
		"$oid": "5c0ad1da7c05971bf155a010"
	},
	"books": [
		{
			"$oid": "5c0ad23d8226ce1c191a1835"
		}
	],
	"name": "Carl Rogers",
	"authorCode": "rogerscarl",
	"biography": "Neque porro quisquam est qui dolorem ipsum quia dolor sit amet, consectetur, adipisci velit…",
	"profileImageUrl": "https://picsum.photos/200/300/?random",
	"createdAt": {
		"$date": "2018-12-07T20:02:34.657Z"
	},
	"updatedAt": {
		"$date": "2018-12-07T20:04:13.257Z"
	},
	"__v": 0
},
{
	"_id": {
		"$oid": "5c0ad1da7c05971bf155a014"
	},
	"books": [
		{
			"$oid": "5c0ad23d8226ce1c191a183f"
		}
	],
	"name": "Éric Plaisance",
	"authorCode": "plaisanceeacuteric",
	"biography": "Neque porro quisquam est qui dolorem ipsum quia dolor sit amet, consectetur, adipisci velit…",
	"profileImageUrl": "https://picsum.photos/200/300/?random",
	"createdAt": {
		"$date": "2018-12-07T20:02:34.657Z"
	},
	"updatedAt": {
		"$date": "2018-12-07T20:04:13.248Z"
	},
	"__v": 0
},
{
	"_id": {
		"$oid": "5c0ad1da7c05971bf155a013"
	},
	"books": [
		{
			"$oid": "5c0ad23d8226ce1c191a183b"
		}
	],
	"name": "Université de Lausanne",
	"authorCode": "lausanneuniversiteac",
	"biography": "Neque porro quisquam est qui dolorem ipsum quia dolor sit amet, consectetur, adipisci velit…",
	"profileImageUrl": "https://picsum.photos/200/300/?random",
	"createdAt": {
		"$date": "2018-12-07T20:02:34.657Z"
	},
	"updatedAt": {
		"$date": "2018-12-07T20:04:13.257Z"
	},
	"__v": 0
},
{
	"_id": {
		"$oid": "5c0ad1da7c05971bf155a012"
	},
	"books": [],
	"name": "Roger Daoust",
	"authorCode": "daoustroger",
	"biography": "Neque porro quisquam est qui dolorem ipsum quia dolor sit amet, consectetur, adipisci velit…",
	"profileImageUrl": "https://picsum.photos/200/300/?random",
	"createdAt": {
		"$date": "2018-12-07T20:02:34.657Z"
	},
	"updatedAt": {
		"$date": "2018-12-07T20:02:34.657Z"
	},
	"__v": 0
},
{
	"_id": {
		"$oid": "5c0ad1da7c05971bf155a015"
	},
	"books": [
		{
			"$oid": "5c0ad23d8226ce1c191a1841"
		}
	],
	"name": "Encyclopaedia Universalis",
	"authorCode": "universalisencyclopa",
	"biography": "Neque porro quisquam est qui dolorem ipsum quia dolor sit amet, consectetur, adipisci velit…",
	"profileImageUrl": "https://picsum.photos/200/300/?random",
	"createdAt": {
		"$date": "2018-12-07T20:02:34.657Z"
	},
	"updatedAt": {
		"$date": "2018-12-07T20:04:13.257Z"
	},
	"__v": 0
},
{
	"_id": {
		"$oid": "5c0ad1da7c05971bf155a011"
	},
	"books": [
		{
			"$oid": "5c0ad23d8226ce1c191a1837"
		}
	],
	"name": "Douglas J. Schuurman",
	"authorCode": "schuurmandouglasj",
	"biography": "Neque porro quisquam est qui dolorem ipsum quia dolor sit amet, consectetur, adipisci velit…",
	"profileImageUrl": "https://picsum.photos/200/300/?random",
	"createdAt": {
		"$date": "2018-12-07T20:02:34.657Z"
	},
	"updatedAt": {
		"$date": "2018-12-07T20:04:13.247Z"
	},
	"__v": 0
},
{
	"_id": {
		"$oid": "5c0ad1da7c05971bf155a016"
	},
	"books": [
		{
			"$oid": "5c0ad23d8226ce1c191a1821"
		},
		{
			"$oid": "5c0ad23d8226ce1c191a1833"
		},
		{
			"$oid": "5c0ad23d8226ce1c191a1813"
		},
		{
			"$oid": "5c0ad23d8226ce1c191a1823"
		},
		{
			"$oid": "5c0ad23d8226ce1c191a1843"
		},
		{
			"$oid": "5c0ad23d8226ce1c191a1831"
		}
	],
	"name": "Samuel Beckett",
	"authorCode": "beckettsamuel",
	"biography": "Neque porro quisquam est qui dolorem ipsum quia dolor sit amet, consectetur, adipisci velit…",
	"profileImageUrl": "https://picsum.photos/200/300/?random",
	"createdAt": {
		"$date": "2018-12-07T20:02:34.657Z"
	},
	"updatedAt": {
		"$date": "2018-12-07T20:04:13.257Z"
	},
	"__v": 0
},
{
	"_id": {
		"$oid": "5c0ad1da7c05971bf155a018"
	},
	"books": [
		{
			"$oid": "5c0ad23d8226ce1c191a17f5"
		}
	],
	"name": "Brian Clark",
	"authorCode": "clarkbrian",
	"biography": "Neque porro quisquam est qui dolorem ipsum quia dolor sit amet, consectetur, adipisci velit…",
	"profileImageUrl": "https://picsum.photos/200/300/?random",
	"createdAt": {
		"$date": "2018-12-07T20:02:34.657Z"
	},
	"updatedAt": {
		"$date": "2018-12-07T20:04:13.257Z"
	},
	"__v": 0
},
{
	"_id": {
		"$oid": "5c0ad1da7c05971bf155a019"
	},
	"books": [
		{
			"$oid": "5c0ad23d8226ce1c191a1829"
		}
	],
	"name": "Seydouba Cisse",
	"authorCode": "cisseseydouba",
	"biography": "Neque porro quisquam est qui dolorem ipsum quia dolor sit amet, consectetur, adipisci velit…",
	"profileImageUrl": "https://picsum.photos/200/300/?random",
	"createdAt": {
		"$date": "2018-12-07T20:02:34.657Z"
	},
	"updatedAt": {
		"$date": "2018-12-07T20:04:13.257Z"
	},
	"__v": 0
},
{
	"_id": {
		"$oid": "5c0ad1da7c05971bf155a017"
	},
	"books": [
		{
			"$oid": "5c0ad23d8226ce1c191a1845"
		}
	],
	"name": "Max Weber",
	"authorCode": "webermax",
	"biography": "Neque porro quisquam est qui dolorem ipsum quia dolor sit amet, consectetur, adipisci velit…",
	"profileImageUrl": "https://picsum.photos/200/300/?random",
	"createdAt": {
		"$date": "2018-12-07T20:02:34.657Z"
	},
	"updatedAt": {
		"$date": "2018-12-07T20:04:13.247Z"
	},
	"__v": 0
},
{
	"_id": {
		"$oid": "5c0ad1da7c05971bf155a01a"
	},
	"books": [
		{
			"$oid": "5c0ad23d8226ce1c191a182b"
		}
	],
	"name": "Bernard Fraysse",
	"authorCode": "frayssebernard",
	"biography": "Neque porro quisquam est qui dolorem ipsum quia dolor sit amet, consectetur, adipisci velit…",
	"profileImageUrl": "https://picsum.photos/200/300/?random",
	"createdAt": {
		"$date": "2018-12-07T20:02:34.657Z"
	},
	"updatedAt": {
		"$date": "2018-12-07T20:04:13.247Z"
	},
	"__v": 0
},
{
	"_id": {
		"$oid": "5c0ad1da7c05971bf155a01e"
	},
	"books": [
		{
			"$oid": "5c0ad23d8226ce1c191a1825"
		}
	],
	"name": "T. A. Chase",
	"authorCode": "chaseta",
	"biography": "Neque porro quisquam est qui dolorem ipsum quia dolor sit amet, consectetur, adipisci velit…",
	"profileImageUrl": "https://picsum.photos/200/300/?random",
	"createdAt": {
		"$date": "2018-12-07T20:02:34.657Z"
	},
	"updatedAt": {
		"$date": "2018-12-07T20:04:13.257Z"
	},
	"__v": 0
},
{
	"_id": {
		"$oid": "5c0ad1da7c05971bf155a01f"
	},
	"books": [
		{
			"$oid": "5c0ad23d8226ce1c191a1807"
		}
	],
	"name": "Johann Gottlieb Fichte",
	"authorCode": "fichtejohanngottlieb",
	"biography": "Neque porro quisquam est qui dolorem ipsum quia dolor sit amet, consectetur, adipisci velit…",
	"profileImageUrl": "https://picsum.photos/200/300/?random",
	"createdAt": {
		"$date": "2018-12-07T20:02:34.657Z"
	},
	"updatedAt": {
		"$date": "2018-12-07T20:04:13.248Z"
	},
	"__v": 0
},
{
	"_id": {
		"$oid": "5c0ad1da7c05971bf155a020"
	},
	"books": [
		{
			"$oid": "5c0ad23d8226ce1c191a1809"
		}
	],
	"name": "Pierre Vrignaud",
	"authorCode": "vrignaudpierre",
	"biography": "Neque porro quisquam est qui dolorem ipsum quia dolor sit amet, consectetur, adipisci velit…",
	"profileImageUrl": "https://picsum.photos/200/300/?random",
	"createdAt": {
		"$date": "2018-12-07T20:02:34.657Z"
	},
	"updatedAt": {
		"$date": "2018-12-07T20:04:13.257Z"
	},
	"__v": 0
},
{
	"_id": {
		"$oid": "5c0ad1da7c05971bf155a021"
	},
	"books": [
		{
			"$oid": "5c0ad23d8226ce1c191a180b"
		}
	],
	"name": "Florentin Azia Dimbu",
	"authorCode": "dimbuflorentinazia",
	"biography": "Neque porro quisquam est qui dolorem ipsum quia dolor sit amet, consectetur, adipisci velit…",
	"profileImageUrl": "https://picsum.photos/200/300/?random",
	"createdAt": {
		"$date": "2018-12-07T20:02:34.657Z"
	},
	"updatedAt": {
		"$date": "2018-12-07T20:04:13.247Z"
	},
	"__v": 0
},
{
	"_id": {
		"$oid": "5c0ad1da7c05971bf155a022"
	},
	"books": [],
	"name": "Collectif/Mialaret",
	"authorCode": "collectifmialaret",
	"biography": "Neque porro quisquam est qui dolorem ipsum quia dolor sit amet, consectetur, adipisci velit…",
	"profileImageUrl": "https://picsum.photos/200/300/?random",
	"createdAt": {
		"$date": "2018-12-07T20:02:34.657Z"
	},
	"updatedAt": {
		"$date": "2018-12-07T20:02:34.657Z"
	},
	"__v": 0
},
{
	"_id": {
		"$oid": "5c0ad1da7c05971bf155a024"
	},
	"books": [
		{
			"$oid": "5c0ad23d8226ce1c191a1815"
		}
	],
	"name": "Parker J. Palmer",
	"authorCode": "palmerparkerj",
	"biography": "Neque porro quisquam est qui dolorem ipsum quia dolor sit amet, consectetur, adipisci velit…",
	"profileImageUrl": "https://picsum.photos/200/300/?random",
	"createdAt": {
		"$date": "2018-12-07T20:02:34.657Z"
	},
	"updatedAt": {
		"$date": "2018-12-07T20:04:13.214Z"
	},
	"__v": 0
},
{
	"_id": {
		"$oid": "5c0ad1da7c05971bf155a01b"
	},
	"books": [
		{
			"$oid": "5c0ad23d8226ce1c191a182d"
		}
	],
	"name": "Gaston Mialaret",
	"authorCode": "mialaretgaston",
	"biography": "Neque porro quisquam est qui dolorem ipsum quia dolor sit amet, consectetur, adipisci velit…",
	"profileImageUrl": "https://picsum.photos/200/300/?random",
	"createdAt": {
		"$date": "2018-12-07T20:02:34.657Z"
	},
	"updatedAt": {
		"$date": "2018-12-07T20:04:13.214Z"
	},
	"__v": 0
},
{
	"_id": {
		"$oid": "5c0ad1da7c05971bf155a025"
	},
	"books": [
		{
			"$oid": "5c0ad23d8226ce1c191a1817"
		}
	],
	"name": "Jean Guichard",
	"authorCode": "guichardjean",
	"biography": "Neque porro quisquam est qui dolorem ipsum quia dolor sit amet, consectetur, adipisci velit…",
	"profileImageUrl": "https://picsum.photos/200/300/?random",
	"createdAt": {
		"$date": "2018-12-07T20:02:34.658Z"
	},
	"updatedAt": {
		"$date": "2018-12-07T20:04:13.248Z"
	},
	"__v": 0
},
{
	"_id": {
		"$oid": "5c0ad1da7c05971bf155a026"
	},
	"books": [],
	"name": "Arnold And Frances L. Ilg With Janet Learned Et Louise Bates-Ames {En Collaboration Avec} Gesell",
	"authorCode": "gesellarnoldandfranc",
	"biography": "Neque porro quisquam est qui dolorem ipsum quia dolor sit amet, consectetur, adipisci velit…",
	"profileImageUrl": "https://picsum.photos/200/300/?random",
	"createdAt": {
		"$date": "2018-12-07T20:02:34.658Z"
	},
	"updatedAt": {
		"$date": "2018-12-07T20:02:34.658Z"
	},
	"__v": 0
},
{
	"_id": {
		"$oid": "5c0ad1da7c05971bf155a027"
	},
	"books": [
		{
			"$oid": "5c0ad23d8226ce1c191a181d"
		}
	],
	"name": "Plaisance Eric Vergnaud Gérard",
	"authorCode": "geacuterardplaisance",
	"biography": "Neque porro quisquam est qui dolorem ipsum quia dolor sit amet, consectetur, adipisci velit…",
	"profileImageUrl": "https://picsum.photos/200/300/?random",
	"createdAt": {
		"$date": "2018-12-07T20:02:34.658Z"
	},
	"updatedAt": {
		"$date": "2018-12-07T20:04:13.248Z"
	},
	"__v": 0
},
{
	"_id": {
		"$oid": "5c0ad1da7c05971bf155a028"
	},
	"books": [
		{
			"$oid": "5c0ad23d8226ce1c191a181f"
		}
	],
	"name": "M. Develay",
	"authorCode": "develaym",
	"biography": "Neque porro quisquam est qui dolorem ipsum quia dolor sit amet, consectetur, adipisci velit…",
	"profileImageUrl": "https://picsum.photos/200/300/?random",
	"createdAt": {
		"$date": "2018-12-07T20:02:34.658Z"
	},
	"updatedAt": {
		"$date": "2018-12-07T20:04:13.247Z"
	},
	"__v": 0
},
{
	"_id": {
		"$oid": "5c0ad1da7c05971bf155a02c"
	},
	"books": [],
	"name": "Clayton Redfield MA psychologie et d'orientation",
	"authorCode": "dorientationclaytonr",
	"biography": "Neque porro quisquam est qui dolorem ipsum quia dolor sit amet, consectetur, adipisci velit…",
	"profileImageUrl": "https://picsum.photos/200/300/?random",
	"createdAt": {
		"$date": "2018-12-07T20:02:34.658Z"
	},
	"updatedAt": {
		"$date": "2018-12-07T20:02:34.658Z"
	},
	"__v": 0
},
{
	"_id": {
		"$oid": "5c0ad1da7c05971bf155a02d"
	},
	"books": [
		{
			"$oid": "5c0ad23d8226ce1c191a17fb"
		}
	],
	"name": "Rodrigue Tézi",
	"authorCode": "teacutezirodrigue",
	"biography": "Neque porro quisquam est qui dolorem ipsum quia dolor sit amet, consectetur, adipisci velit…",
	"profileImageUrl": "https://picsum.photos/200/300/?random",
	"createdAt": {
		"$date": "2018-12-07T20:02:34.658Z"
	},
	"updatedAt": {
		"$date": "2018-12-07T20:04:13.257Z"
	},
	"__v": 0
},
{
	"_id": {
		"$oid": "5c0ad1da7c05971bf155a02e"
	},
	"books": [
		{
			"$oid": "5c0ad23d8226ce1c191a1801"
		}
	],
	"name": "Deirdre Bair",
	"authorCode": "bairdeirdre",
	"biography": "Neque porro quisquam est qui dolorem ipsum quia dolor sit amet, consectetur, adipisci velit…",
	"profileImageUrl": "https://picsum.photos/200/300/?random",
	"createdAt": {
		"$date": "2018-12-07T20:02:34.658Z"
	},
	"updatedAt": {
		"$date": "2018-12-07T20:04:13.257Z"
	},
	"__v": 0
},
{
	"_id": {
		"$oid": "5c0ad1da7c05971bf155a02f"
	},
	"books": [
		{
			"$oid": "5c0ad23d8226ce1c191a1803"
		}
	],
	"name": "Dirk van Hulle",
	"authorCode": "hulledirkvan",
	"biography": "Neque porro quisquam est qui dolorem ipsum quia dolor sit amet, consectetur, adipisci velit…",
	"profileImageUrl": "https://picsum.photos/200/300/?random",
	"createdAt": {
		"$date": "2018-12-07T20:02:34.658Z"
	},
	"updatedAt": {
		"$date": "2018-12-07T20:04:13.248Z"
	},
	"__v": 0
},
{
	"_id": {
		"$oid": "5c0ad1da7c05971bf155a007"
	},
	"books": [
		{
			"$oid": "5c0ad23c8226ce1c191a17e3"
		},
		{
			"$oid": "5c0ad23c8226ce1c191a17e5"
		},
		{
			"$oid": "5c0ad23c8226ce1c191a17ed"
		},
		{
			"$oid": "5c0ad23c8226ce1c191a17f3"
		},
		{
			"$oid": "5c0ad23c8226ce1c191a17f1"
		},
		{
			"$oid": "5c0ad23c8226ce1c191a17eb"
		},
		{
			"$oid": "5c0ad23c8226ce1c191a17ef"
		},
		{
			"$oid": "5c0ad23c8226ce1c191a17e7"
		}
	],
	"name": "Albert Bandura",
	"authorCode": "banduraalbert",
	"biography": "Neque porro quisquam est qui dolorem ipsum quia dolor sit amet, consectetur, adipisci velit…",
	"profileImageUrl": "https://picsum.photos/200/300/?random",
	"createdAt": {
		"$date": "2018-12-07T20:02:34.601Z"
	},
	"updatedAt": {
		"$date": "2018-12-07T20:04:13.247Z"
	},
	"__v": 0
}]

