[{
	"_id": {
		"$oid": "5c0aea042b6d72232c9f427f"
	},
	"books": [
		{
			"$oid": "5c0ad06b9033b01bc0c8d619"
		},
		{
			"$oid": "5c0ad06b9033b01bc0c8d621"
		},
		{
			"$oid": "5c0ad06b9033b01bc0c8d627"
		},
		{
			"$oid": "5c0ad23d8226ce1c191a180b"
		},
		{
			"$oid": "5c0ad06b9033b01bc0c8d64f"
		},
		{
			"$oid": "5c0ad06b9033b01bc0c8d645"
		}
	],
	"owner": {
		"$oid": "5c0ab116d97b4f137fbdfa18"
	},
	"coordinate": {
		"latitude": "45.7453",
		"longitude": "4.4468"
	},
	"createdAt": {
		"$date": "2018-12-07T21:45:40.448Z"
	},
	"updatedAt": {
		"$date": "2018-12-13T15:33:28.903Z"
	},
	"__v": 0
},
{
	"_id": {
		"$oid": "5c0aea042b6d72232c9f4280"
	},
	"books": [
		{
			"$oid": "5c0ad23c8226ce1c191a17ed"
		},
		{
			"$oid": "5c0ad23d8226ce1c191a181f"
		},
		{
			"$oid": "5c0ad06b9033b01bc0c8d61d"
		},
		{
			"$oid": "5c0ad06b9033b01bc0c8d631"
		},
		{
			"$oid": "5c0ad23d8226ce1c191a17fb"
		},
		{
			"$oid": "5c0ad06b9033b01bc0c8d60b"
		}
	],
	"owner": {
		"$oid": "5c0ab0de12e593135f96c57b"
	},
	"coordinate": {
		"latitude": "45.7453",
		"longitude": "4.4303"
	},
	"createdAt": {
		"$date": "2018-12-07T21:45:40.455Z"
	},
	"updatedAt": {
		"$date": "2018-12-13T15:33:28.904Z"
	},
	"__v": 0
},
{
	"_id": {
		"$oid": "5c0aea042b6d72232c9f4282"
	},
	"books": [
		{
			"$oid": "5c0ad06b9033b01bc0c8d659"
		},
		{
			"$oid": "5c0ad23d8226ce1c191a180b"
		},
		{
			"$oid": "5c0ad23d8226ce1c191a1807"
		},
		{
			"$oid": "5c0ad23d8226ce1c191a1831"
		},
		{
			"$oid": "5c0ad06b9033b01bc0c8d643"
		},
		{
			"$oid": "5c0ad06b9033b01bc0c8d64d"
		}
	],
	"owner": {
		"$oid": "5c0ab116d97b4f137fbdfa1f"
	},
	"coordinate": {
		"latitude": "45.7453",
		"longitude": "4.9062"
	},
	"createdAt": {
		"$date": "2018-12-07T21:45:40.469Z"
	},
	"updatedAt": {
		"$date": "2018-12-13T15:33:28.904Z"
	},
	"__v": 0
},
{
	"_id": {
		"$oid": "5c0aea042b6d72232c9f4283"
	},
	"books": [
		{
			"$oid": "5c0ad06b9033b01bc0c8d645"
		},
		{
			"$oid": "5c0ad23d8226ce1c191a1835"
		},
		{
			"$oid": "5c0ad23d8226ce1c191a1831"
		},
		{
			"$oid": "5c0ad06b9033b01bc0c8d64f"
		},
		{
			"$oid": "5c0ad06b9033b01bc0c8d627"
		},
		{
			"$oid": "5c0ad06b9033b01bc0c8d635"
		}
	],
	"owner": {
		"$oid": "5c0ab116d97b4f137fbdfa12"
	},
	"coordinate": {
		"latitude": "45.7453",
		"longitude": "4.8717"
	},
	"createdAt": {
		"$date": "2018-12-07T21:45:40.530Z"
	},
	"updatedAt": {
		"$date": "2018-12-13T15:33:28.904Z"
	},
	"__v": 0
},
{
	"_id": {
		"$oid": "5c0aea042b6d72232c9f4284"
	},
	"books": [
		{
			"$oid": "5c0ad06b9033b01bc0c8d655"
		},
		{
			"$oid": "5c0ad23d8226ce1c191a181f"
		},
		{
			"$oid": "5c0ad06b9033b01bc0c8d62d"
		},
		{
			"$oid": "5c0ad06b9033b01bc0c8d613"
		},
		{
			"$oid": "5c0ad06b9033b01bc0c8d60d"
		},
		{
			"$oid": "5c0ad23c8226ce1c191a17f1"
		}
	],
	"owner": {
		"$oid": "5c0ab116d97b4f137fbdfa0f"
	},
	"coordinate": {
		"latitude": "45.7453",
		"longitude": "4.5174"
	},
	"createdAt": {
		"$date": "2018-12-07T21:45:40.570Z"
	},
	"updatedAt": {
		"$date": "2018-12-13T15:33:28.905Z"
	},
	"__v": 0
},
{
	"_id": {
		"$oid": "5c0aea042b6d72232c9f4285"
	},
	"books": [
		{
			"$oid": "5c0ad23c8226ce1c191a17eb"
		},
		{
			"$oid": "5c0acd9b712c951a9ef7c32a"
		},
		{
			"$oid": "5c0ad06b9033b01bc0c8d609"
		},
		{
			"$oid": "5c0ad06b9033b01bc0c8d631"
		},
		{
			"$oid": "5c0ad23d8226ce1c191a1813"
		},
		{
			"$oid": "5c0ad23c8226ce1c191a17e3"
		}
	],
	"owner": {
		"$oid": "5c0ab116d97b4f137fbdfa15"
	},
	"coordinate": {
		"latitude": "45.7453",
		"longitude": "4.3669"
	},
	"createdAt": {
		"$date": "2018-12-07T21:45:40.572Z"
	},
	"updatedAt": {
		"$date": "2018-12-13T15:33:28.905Z"
	},
	"__v": 0
},
{
	"_id": {
		"$oid": "5c0aea042b6d72232c9f4281"
	},
	"books": [
		{
			"$oid": "5c0acd9b712c951a9ef7c330"
		},
		{
			"$oid": "5c0ad23d8226ce1c191a17fb"
		},
		{
			"$oid": "5c0ad06b9033b01bc0c8d63f"
		},
		{
			"$oid": "5c0ad23d8226ce1c191a182d"
		},
		{
			"$oid": "5c0ad23d8226ce1c191a1807"
		},
		{
			"$oid": "5c0acd9b712c951a9ef7c326"
		}
	],
	"owner": {
		"$oid": "5c0ab0de12e593135f96c57a"
	},
	"coordinate": {
		"latitude": "45.7453",
		"longitude": "4.5189"
	},
	"createdAt": {
		"$date": "2018-12-07T21:45:40.466Z"
	},
	"updatedAt": {
		"$date": "2018-12-13T15:33:28.905Z"
	},
	"__v": 0
},
{
	"_id": {
		"$oid": "5c0aea042b6d72232c9f4288"
	},
	"books": [
		{
			"$oid": "5c0ad23d8226ce1c191a1815"
		},
		{
			"$oid": "5c0ad06b9033b01bc0c8d61d"
		},
		{
			"$oid": "5c0ad23d8226ce1c191a180b"
		},
		{
			"$oid": "5c0ad06b9033b01bc0c8d62d"
		},
		{
			"$oid": "5c0ad23d8226ce1c191a182d"
		},
		{
			"$oid": "5c0ad23d8226ce1c191a1841"
		}
	],
	"owner": {
		"$oid": "5c0ab116d97b4f137fbdfa11"
	},
	"coordinate": {
		"latitude": "45.7453",
		"longitude": "4.9407"
	},
	"createdAt": {
		"$date": "2018-12-07T21:45:40.597Z"
	},
	"updatedAt": {
		"$date": "2018-12-13T15:33:28.905Z"
	},
	"__v": 0
},
{
	"_id": {
		"$oid": "5c0aea042b6d72232c9f428a"
	},
	"books": [
		{
			"$oid": "5c0ad06b9033b01bc0c8d657"
		},
		{
			"$oid": "5c0ad06b9033b01bc0c8d60d"
		},
		{
			"$oid": "5c0ad23d8226ce1c191a1843"
		},
		{
			"$oid": "5c0ad06b9033b01bc0c8d619"
		},
		{
			"$oid": "5c0acd9b712c951a9ef7c32e"
		},
		{
			"$oid": "5c0ad06b9033b01bc0c8d641"
		}
	],
	"owner": {
		"$oid": "5c0ab116d97b4f137fbdfa1d"
	},
	"coordinate": {
		"latitude": "45.7453",
		"longitude": "5.1070"
	},
	"createdAt": {
		"$date": "2018-12-07T21:45:40.641Z"
	},
	"updatedAt": {
		"$date": "2018-12-13T15:33:28.905Z"
	},
	"__v": 0
},
{
	"_id": {
		"$oid": "5c0aea042b6d72232c9f428c"
	},
	"books": [
		{
			"$oid": "5c0ad06b9033b01bc0c8d61b"
		},
		{
			"$oid": "5c0ad06b9033b01bc0c8d64f"
		},
		{
			"$oid": "5c0ad06b9033b01bc0c8d617"
		},
		{
			"$oid": "5c0ad06b9033b01bc0c8d629"
		},
		{
			"$oid": "5c0ad23d8226ce1c191a1831"
		},
		{
			"$oid": "5c0ad06b9033b01bc0c8d659"
		}
	],
	"owner": {
		"$oid": "5c0ab116d97b4f137fbdfa19"
	},
	"coordinate": {
		"latitude": "45.7453",
		"longitude": "4.9841"
	},
	"createdAt": {
		"$date": "2018-12-07T21:45:40.646Z"
	},
	"updatedAt": {
		"$date": "2018-12-13T15:33:28.905Z"
	},
	"__v": 0
},
{
	"_id": {
		"$oid": "5c0aea042b6d72232c9f4287"
	},
	"books": [
		{
			"$oid": "5c0ad23d8226ce1c191a183f"
		},
		{
			"$oid": "5c0ad06b9033b01bc0c8d655"
		},
		{
			"$oid": "5c0ad06b9033b01bc0c8d615"
		},
		{
			"$oid": "5c0ad23d8226ce1c191a1813"
		},
		{
			"$oid": "5c0ad23d8226ce1c191a181d"
		},
		{
			"$oid": "5c0ad06b9033b01bc0c8d64f"
		}
	],
	"owner": {
		"$oid": "5c0ab116d97b4f137fbdfa14"
	},
	"coordinate": {
		"latitude": "49.1760",
		"longitude": "-0.6509"
	},
	"createdAt": {
		"$date": "2018-12-07T21:45:40.596Z"
	},
	"updatedAt": {
		"$date": "2018-12-13T15:36:31.767Z"
	},
	"__v": 0
},
{
	"_id": {
		"$oid": "5c0aea042b6d72232c9f4289"
	},
	"books": [
		{
			"$oid": "5c0ad06b9033b01bc0c8d61f"
		},
		{
			"$oid": "5c0ad06b9033b01bc0c8d63b"
		},
		{
			"$oid": "5c0ad23c8226ce1c191a17ed"
		},
		{
			"$oid": "5c0ad06b9033b01bc0c8d635"
		},
		{
			"$oid": "5c0acd9b712c951a9ef7c32e"
		},
		{
			"$oid": "5c0acd9b712c951a9ef7c32e"
		}
	],
	"owner": {
		"$oid": "5c0ab116d97b4f137fbdfa1a"
	},
	"coordinate": {
		"latitude": "49.1760",
		"longitude": "-0.7030"
	},
	"createdAt": {
		"$date": "2018-12-07T21:45:40.639Z"
	},
	"updatedAt": {
		"$date": "2018-12-13T15:36:31.768Z"
	},
	"__v": 0
},
{
	"_id": {
		"$oid": "5c0aea042b6d72232c9f4290"
	},
	"books": [
		{
			"$oid": "5c0ad06b9033b01bc0c8d623"
		},
		{
			"$oid": "5c0ad23d8226ce1c191a1837"
		},
		{
			"$oid": "5c0ad06b9033b01bc0c8d62f"
		},
		{
			"$oid": "5c0ad23c8226ce1c191a17ef"
		},
		{
			"$oid": "5c0ad23d8226ce1c191a1817"
		},
		{
			"$oid": "5c0ad23d8226ce1c191a17f5"
		}
	],
	"owner": {
		"$oid": "5c0ab116d97b4f137fbdfa25"
	},
	"coordinate": {
		"latitude": "49.1760",
		"longitude": "-0.6292"
	},
	"createdAt": {
		"$date": "2018-12-07T21:45:40.850Z"
	},
	"updatedAt": {
		"$date": "2018-12-13T15:36:31.768Z"
	},
	"__v": 0
},
{
	"_id": {
		"$oid": "5c0aea042b6d72232c9f428e"
	},
	"books": [
		{
			"$oid": "5c0ad23d8226ce1c191a183b"
		},
		{
			"$oid": "5c0ad06b9033b01bc0c8d623"
		},
		{
			"$oid": "5c0ad23c8226ce1c191a17eb"
		},
		{
			"$oid": "5c0ad23d8226ce1c191a180b"
		},
		{
			"$oid": "5c0ad06b9033b01bc0c8d643"
		},
		{
			"$oid": "5c0ad06b9033b01bc0c8d60d"
		}
	],
	"owner": {
		"$oid": "5c0ab116d97b4f137fbdfa1c"
	},
	"coordinate": {
		"latitude": "49.1760",
		"longitude": "-0.6911"
	},
	"createdAt": {
		"$date": "2018-12-07T21:45:40.767Z"
	},
	"updatedAt": {
		"$date": "2018-12-13T15:36:31.768Z"
	},
	"__v": 0
},
{
	"_id": {
		"$oid": "5c0aea042b6d72232c9f428b"
	},
	"books": [
		{
			"$oid": "5c0ad23d8226ce1c191a1831"
		},
		{
			"$oid": "5c0ad06b9033b01bc0c8d63d"
		},
		{
			"$oid": "5c0ad23d8226ce1c191a181f"
		},
		{
			"$oid": "5c0ad23c8226ce1c191a17e3"
		},
		{
			"$oid": "5c0acd9b712c951a9ef7c32e"
		},
		{
			"$oid": "5c0ad23d8226ce1c191a1837"
		}
	],
	"owner": {
		"$oid": "5c0ab116d97b4f137fbdfa17"
	},
	"coordinate": {
		"latitude": "49.1760",
		"longitude": "-0.8266"
	},
	"createdAt": {
		"$date": "2018-12-07T21:45:40.644Z"
	},
	"updatedAt": {
		"$date": "2018-12-13T15:36:31.768Z"
	},
	"__v": 0
},
{
	"_id": {
		"$oid": "5c0aea042b6d72232c9f4291"
	},
	"books": [
		{
			"$oid": "5c0ad23d8226ce1c191a183b"
		},
		{
			"$oid": "5c0ad23d8226ce1c191a1841"
		},
		{
			"$oid": "5c0ad23d8226ce1c191a1813"
		},
		{
			"$oid": "5c0ad06b9033b01bc0c8d609"
		},
		{
			"$oid": "5c0ad23d8226ce1c191a183f"
		},
		{
			"$oid": "5c0ad06b9033b01bc0c8d645"
		}
	],
	"owner": {
		"$oid": "5c0ab0de12e593135f96c573"
	},
	"coordinate": {
		"latitude": "49.1760",
		"longitude": "-0.7547"
	},
	"createdAt": {
		"$date": "2018-12-07T21:45:40.854Z"
	},
	"updatedAt": {
		"$date": "2018-12-13T15:36:31.769Z"
	},
	"__v": 0
},
{
	"_id": {
		"$oid": "5c0aea042b6d72232c9f4292"
	},
	"books": [
		{
			"$oid": "5c0ad06b9033b01bc0c8d60f"
		},
		{
			"$oid": "5c0ad23d8226ce1c191a1821"
		},
		{
			"$oid": "5c0acd9b712c951a9ef7c32e"
		},
		{
			"$oid": "5c0ad23d8226ce1c191a1815"
		},
		{
			"$oid": "5c0ad23c8226ce1c191a17e3"
		},
		{
			"$oid": "5c0ad06b9033b01bc0c8d637"
		}
	],
	"owner": {
		"$oid": "5c0ab116d97b4f137fbdfa24"
	},
	"coordinate": {
		"latitude": "49.1760",
		"longitude": "-0.2782"
	},
	"createdAt": {
		"$date": "2018-12-07T21:45:40.856Z"
	},
	"updatedAt": {
		"$date": "2018-12-13T15:36:31.769Z"
	},
	"__v": 0
},
{
	"_id": {
		"$oid": "5c0aea042b6d72232c9f428d"
	},
	"books": [
		{
			"$oid": "5c0ad23d8226ce1c191a1823"
		},
		{
			"$oid": "5c0ad23d8226ce1c191a182d"
		},
		{
			"$oid": "5c0acd9b712c951a9ef7c330"
		},
		{
			"$oid": "5c0ad06b9033b01bc0c8d653"
		},
		{
			"$oid": "5c0ad06b9033b01bc0c8d655"
		},
		{
			"$oid": "5c0ad06b9033b01bc0c8d649"
		}
	],
	"owner": {
		"$oid": "5c0ab116d97b4f137fbdfa10"
	},
	"coordinate": {
		"latitude": "49.1760",
		"longitude": "-0.2720"
	},
	"createdAt": {
		"$date": "2018-12-07T21:45:40.685Z"
	},
	"updatedAt": {
		"$date": "2018-12-13T15:36:31.769Z"
	},
	"__v": 0
},
{
	"_id": {
		"$oid": "5c0aea042b6d72232c9f428f"
	},
	"books": [
		{
			"$oid": "5c0ad06b9033b01bc0c8d62d"
		},
		{
			"$oid": "5c0ad06b9033b01bc0c8d63d"
		},
		{
			"$oid": "5c0ad23d8226ce1c191a1823"
		},
		{
			"$oid": "5c0ad06b9033b01bc0c8d611"
		},
		{
			"$oid": "5c0ad23c8226ce1c191a17e9"
		},
		{
			"$oid": "5c0ad23d8226ce1c191a17fb"
		}
	],
	"owner": {
		"$oid": "5c0ab116d97b4f137fbdfa1b"
	},
	"coordinate": {
		"latitude": "49.1760",
		"longitude": "-0.2929"
	},
	"createdAt": {
		"$date": "2018-12-07T21:45:40.770Z"
	},
	"updatedAt": {
		"$date": "2018-12-13T15:36:31.769Z"
	},
	"__v": 0
},
{
	"_id": {
		"$oid": "5c0aea042b6d72232c9f4286"
	},
	"books": [
		{
			"$oid": "5c0ad06b9033b01bc0c8d623"
		},
		{
			"$oid": "5c0ad06b9033b01bc0c8d639"
		},
		{
			"$oid": "5c0acd9b712c951a9ef7c32e"
		},
		{
			"$oid": "5c0ad23d8226ce1c191a1837"
		},
		{
			"$oid": "5c0acd9b712c951a9ef7c328"
		},
		{
			"$oid": "5c0ad06b9033b01bc0c8d61f"
		}
	],
	"owner": {
		"$oid": "5c0ab116d97b4f137fbdfa16"
	},
	"coordinate": {
		"latitude": "49.1760",
		"longitude": "-0.7208"
	},
	"createdAt": {
		"$date": "2018-12-07T21:45:40.574Z"
	},
	"updatedAt": {
		"$date": "2018-12-13T15:36:31.769Z"
	},
	"__v": 0
},
{
	"_id": {
		"$oid": "5c0aea042b6d72232c9f4294"
	},
	"books": [
		{
			"$oid": "5c0acd9b712c951a9ef7c328"
		},
		{
			"$oid": "5c0ad06b9033b01bc0c8d639"
		},
		{
			"$oid": "5c0ad23c8226ce1c191a17ef"
		},
		{
			"$oid": "5c0ad06b9033b01bc0c8d609"
		},
		{
			"$oid": "5c0ad23d8226ce1c191a1823"
		},
		{
			"$oid": "5c0ad23d8226ce1c191a181d"
		}
	],
	"owner": {
		"$oid": "5c0ab116d97b4f137fbdfa1e"
	},
	"coordinate": {
		"latitude": "49.4335",
		"longitude": "1.3336"
	},
	"createdAt": {
		"$date": "2018-12-07T21:45:40.858Z"
	},
	"updatedAt": {
		"$date": "2018-12-13T15:38:53.691Z"
	},
	"__v": 0
},
{
	"_id": {
		"$oid": "5c0aea042b6d72232c9f4295"
	},
	"books": [
		{
			"$oid": "5c0ad23d8226ce1c191a181d"
		},
		{
			"$oid": "5c0ad06b9033b01bc0c8d637"
		},
		{
			"$oid": "5c0ad06b9033b01bc0c8d64b"
		},
		{
			"$oid": "5c0ad23d8226ce1c191a1807"
		},
		{
			"$oid": "5c0acd9b712c951a9ef7c326"
		},
		{
			"$oid": "5c0ad23c8226ce1c191a17e5"
		}
	],
	"owner": {
		"$oid": "5c0ab0de12e593135f96c577"
	},
	"coordinate": {
		"latitude": "49.4335",
		"longitude": "0.7723"
	},
	"createdAt": {
		"$date": "2018-12-07T21:45:40.860Z"
	},
	"updatedAt": {
		"$date": "2018-12-13T15:38:53.692Z"
	},
	"__v": 0
},
{
	"_id": {
		"$oid": "5c0aea042b6d72232c9f4293"
	},
	"books": [
		{
			"$oid": "5c0ad06b9033b01bc0c8d615"
		},
		{
			"$oid": "5c0ad23d8226ce1c191a17fb"
		},
		{
			"$oid": "5c0ad23c8226ce1c191a17f3"
		},
		{
			"$oid": "5c0ad23c8226ce1c191a17e5"
		},
		{
			"$oid": "5c0ad23d8226ce1c191a1809"
		},
		{
			"$oid": "5c0ad23d8226ce1c191a1817"
		}
	],
	"owner": {
		"$oid": "5c0ab0de12e593135f96c576"
	},
	"coordinate": {
		"latitude": "49.4335",
		"longitude": "0.6309"
	},
	"createdAt": {
		"$date": "2018-12-07T21:45:40.857Z"
	},
	"updatedAt": {
		"$date": "2018-12-13T15:38:53.692Z"
	},
	"__v": 0
},
{
	"_id": {
		"$oid": "5c0aea042b6d72232c9f4299"
	},
	"books": [
		{
			"$oid": "5c0ad06b9033b01bc0c8d613"
		},
		{
			"$oid": "5c0acd9b712c951a9ef7c330"
		},
		{
			"$oid": "5c0ad06b9033b01bc0c8d60d"
		},
		{
			"$oid": "5c0ad06b9033b01bc0c8d64b"
		},
		{
			"$oid": "5c0ad23d8226ce1c191a181f"
		},
		{
			"$oid": "5c0ad23d8226ce1c191a1829"
		}
	],
	"owner": {
		"$oid": "5c0ab0de12e593135f96c578"
	},
	"coordinate": {
		"latitude": "49.4335",
		"longitude": "0.7321"
	},
	"createdAt": {
		"$date": "2018-12-07T21:45:40.866Z"
	},
	"updatedAt": {
		"$date": "2018-12-13T15:38:53.692Z"
	},
	"__v": 0
},
{
	"_id": {
		"$oid": "5c0aea042b6d72232c9f429a"
	},
	"books": [
		{
			"$oid": "5c0ad06b9033b01bc0c8d655"
		},
		{
			"$oid": "5c0ad23d8226ce1c191a183f"
		},
		{
			"$oid": "5c0ad06b9033b01bc0c8d61b"
		},
		{
			"$oid": "5c0ad06b9033b01bc0c8d64b"
		},
		{
			"$oid": "5c0ad06b9033b01bc0c8d631"
		},
		{
			"$oid": "5c0acd9b712c951a9ef7c32e"
		}
	],
	"owner": {
		"$oid": "5c0ab116d97b4f137fbdfa2c"
	},
	"coordinate": {
		"latitude": "49.4335",
		"longitude": "1.1002"
	},
	"createdAt": {
		"$date": "2018-12-07T21:45:40.867Z"
	},
	"updatedAt": {
		"$date": "2018-12-13T15:38:53.692Z"
	},
	"__v": 0
},
{
	"_id": {
		"$oid": "5c0aea042b6d72232c9f429b"
	},
	"books": [
		{
			"$oid": "5c0ad23c8226ce1c191a17f3"
		},
		{
			"$oid": "5c0ad06b9033b01bc0c8d63f"
		},
		{
			"$oid": "5c0ad23d8226ce1c191a1803"
		},
		{
			"$oid": "5c0ad06b9033b01bc0c8d609"
		},
		{
			"$oid": "5c0ad06b9033b01bc0c8d61b"
		},
		{
			"$oid": "5c0ad06b9033b01bc0c8d631"
		}
	],
	"owner": {
		"$oid": "5c0ab116d97b4f137fbdfa2f"
	},
	"coordinate": {
		"latitude": "49.4335",
		"longitude": "1.3265"
	},
	"createdAt": {
		"$date": "2018-12-07T21:45:40.868Z"
	},
	"updatedAt": {
		"$date": "2018-12-13T15:38:53.693Z"
	},
	"__v": 0
},
{
	"_id": {
		"$oid": "5c0aea042b6d72232c9f4297"
	},
	"books": [
		{
			"$oid": "5c0ad23d8226ce1c191a1823"
		},
		{
			"$oid": "5c0ad06b9033b01bc0c8d621"
		},
		{
			"$oid": "5c0ad06b9033b01bc0c8d61d"
		},
		{
			"$oid": "5c0ad23c8226ce1c191a17ef"
		},
		{
			"$oid": "5c0ad06b9033b01bc0c8d64d"
		},
		{
			"$oid": "5c0ad23c8226ce1c191a17f1"
		}
	],
	"owner": {
		"$oid": "5c0ab116d97b4f137fbdfa2a"
	},
	"coordinate": {
		"latitude": "49.4335",
		"longitude": "1.1528"
	},
	"createdAt": {
		"$date": "2018-12-07T21:45:40.863Z"
	},
	"updatedAt": {
		"$date": "2018-12-13T15:38:53.693Z"
	},
	"__v": 0
},
{
	"_id": {
		"$oid": "5c0aea042b6d72232c9f4298"
	},
	"books": [
		{
			"$oid": "5c0ad06b9033b01bc0c8d629"
		},
		{
			"$oid": "5c0ad23d8226ce1c191a1815"
		},
		{
			"$oid": "5c0ad23d8226ce1c191a181d"
		},
		{
			"$oid": "5c0ad23d8226ce1c191a1835"
		},
		{
			"$oid": "5c0ad23d8226ce1c191a1835"
		},
		{
			"$oid": "5c0ad23d8226ce1c191a1835"
		}
	],
	"owner": {
		"$oid": "5c0ab079e6a03d12f892c3ba"
	},
	"coordinate": {
		"latitude": "49.4335",
		"longitude": "1.2079"
	},
	"createdAt": {
		"$date": "2018-12-07T21:45:40.864Z"
	},
	"updatedAt": {
		"$date": "2018-12-13T15:38:53.693Z"
	},
	"__v": 0
},
{
	"_id": {
		"$oid": "5c0aea042b6d72232c9f429c"
	},
	"books": [
		{
			"$oid": "5c0acd9b712c951a9ef7c32c"
		},
		{
			"$oid": "5c0ad23d8226ce1c191a17fb"
		},
		{
			"$oid": "5c0ad06b9033b01bc0c8d643"
		},
		{
			"$oid": "5c0ad23d8226ce1c191a1809"
		},
		{
			"$oid": "5c0ad06b9033b01bc0c8d64d"
		},
		{
			"$oid": "5c0ad23d8226ce1c191a1803"
		}
	],
	"owner": {
		"$oid": "5c0ab116d97b4f137fbdfa2e"
	},
	"coordinate": {
		"latitude": "49.4335",
		"longitude": "0.6967"
	},
	"createdAt": {
		"$date": "2018-12-07T21:45:40.870Z"
	},
	"updatedAt": {
		"$date": "2018-12-13T15:38:53.693Z"
	},
	"__v": 0
},
{
	"_id": {
		"$oid": "5c0aea042b6d72232c9f429f"
	},
	"books": [
		{
			"$oid": "5c0ad06b9033b01bc0c8d60d"
		},
		{
			"$oid": "5c0ad23c8226ce1c191a17e5"
		},
		{
			"$oid": "5c0ad23d8226ce1c191a1833"
		},
		{
			"$oid": "5c0ad23d8226ce1c191a1807"
		},
		{
			"$oid": "5c0ad06b9033b01bc0c8d641"
		},
		{
			"$oid": "5c0ad06b9033b01bc0c8d631"
		}
	],
	"owner": {
		"$oid": "5c0ab116d97b4f137fbdfa13"
	},
	"coordinate": {
		"latitude": "49.4335",
		"longitude": "1.1535"
	},
	"createdAt": {
		"$date": "2018-12-07T21:45:40.971Z"
	},
	"updatedAt": {
		"$date": "2018-12-13T15:38:53.693Z"
	},
	"__v": 0
},
{
	"_id": {
		"$oid": "5c0aea042b6d72232c9f42a1"
	},
	"books": [
		{
			"$oid": "5c0ad06b9033b01bc0c8d653"
		},
		{
			"$oid": "5c0ad06b9033b01bc0c8d61f"
		},
		{
			"$oid": "5c0ad06b9033b01bc0c8d639"
		},
		{
			"$oid": "5c0ad23d8226ce1c191a1823"
		},
		{
			"$oid": "5c0ad23d8226ce1c191a1809"
		},
		{
			"$oid": "5c0ad06b9033b01bc0c8d65b"
		}
	],
	"owner": {
		"$oid": "5c0ab116d97b4f137fbdfa28"
	},
	"coordinate": {
		"latitude": "43.4783",
		"longitude": "-1.4704"
	},
	"createdAt": {
		"$date": "2018-12-07T21:45:40.975Z"
	},
	"updatedAt": {
		"$date": "2018-12-13T15:40:39.331Z"
	},
	"__v": 0
},
{
	"_id": {
		"$oid": "5c0aea042b6d72232c9f42a2"
	},
	"books": [
		{
			"$oid": "5c0ad23d8226ce1c191a183b"
		},
		{
			"$oid": "5c0ad06b9033b01bc0c8d64b"
		},
		{
			"$oid": "5c0ad06b9033b01bc0c8d64d"
		},
		{
			"$oid": "5c0ad23d8226ce1c191a183f"
		},
		{
			"$oid": "5c0ad06b9033b01bc0c8d631"
		},
		{
			"$oid": "5c0acd9b712c951a9ef7c32a"
		}
	],
	"owner": {
		"$oid": "5c0ab0de12e593135f96c579"
	},
	"coordinate": {
		"latitude": "43.4783",
		"longitude": "-1.8136"
	},
	"createdAt": {
		"$date": "2018-12-07T21:45:40.976Z"
	},
	"updatedAt": {
		"$date": "2018-12-13T15:40:39.332Z"
	},
	"__v": 0
},
{
	"_id": {
		"$oid": "5c0aea042b6d72232c9f4296"
	},
	"books": [
		{
			"$oid": "5c0ad06b9033b01bc0c8d623"
		},
		{
			"$oid": "5c0ad23d8226ce1c191a1803"
		},
		{
			"$oid": "5c0ad23d8226ce1c191a1829"
		},
		{
			"$oid": "5c0ad23d8226ce1c191a1815"
		},
		{
			"$oid": "5c0ad23c8226ce1c191a17e7"
		},
		{
			"$oid": "5c0ad23c8226ce1c191a17e7"
		}
	],
	"owner": {
		"$oid": "5c0ab116d97b4f137fbdfa20"
	},
	"coordinate": {
		"latitude": "43.4783",
		"longitude": "-1.3926"
	},
	"createdAt": {
		"$date": "2018-12-07T21:45:40.861Z"
	},
	"updatedAt": {
		"$date": "2018-12-13T15:40:39.332Z"
	},
	"__v": 0
},
{
	"_id": {
		"$oid": "5c0aea042b6d72232c9f42a0"
	},
	"books": [
		{
			"$oid": "5c0ad06b9033b01bc0c8d629"
		},
		{
			"$oid": "5c0ad06b9033b01bc0c8d64b"
		},
		{
			"$oid": "5c0ad23d8226ce1c191a1821"
		},
		{
			"$oid": "5c0ad23d8226ce1c191a182b"
		},
		{
			"$oid": "5c0ad06b9033b01bc0c8d655"
		},
		{
			"$oid": "5c0ad23c8226ce1c191a17ef"
		}
	],
	"owner": {
		"$oid": "5c0ab116d97b4f137fbdfa2b"
	},
	"coordinate": {
		"latitude": "43.4783",
		"longitude": "-1.7937"
	},
	"createdAt": {
		"$date": "2018-12-07T21:45:40.973Z"
	},
	"updatedAt": {
		"$date": "2018-12-13T15:40:39.332Z"
	},
	"__v": 0
},
{
	"_id": {
		"$oid": "5c0aea042b6d72232c9f429d"
	},
	"books": [
		{
			"$oid": "5c0ad06b9033b01bc0c8d631"
		},
		{
			"$oid": "5c0ad23d8226ce1c191a182d"
		},
		{
			"$oid": "5c0ad06b9033b01bc0c8d64d"
		},
		{
			"$oid": "5c0ad06b9033b01bc0c8d653"
		},
		{
			"$oid": "5c0ad06b9033b01bc0c8d637"
		},
		{
			"$oid": "5c0ad23d8226ce1c191a1807"
		}
	],
	"owner": {
		"$oid": "5c0ab116d97b4f137fbdfa31"
	},
	"coordinate": {
		"latitude": "48.8377",
		"longitude": "1.6279"
	},
	"createdAt": {
		"$date": "2018-12-07T21:45:40.871Z"
	},
	"updatedAt": {
		"$date": "2018-12-13T15:42:18.287Z"
	},
	"__v": 0
},
{
	"_id": {
		"$oid": "5c0aea042b6d72232c9f429e"
	},
	"books": [
		{
			"$oid": "5c0ad06b9033b01bc0c8d60f"
		},
		{
			"$oid": "5c0ad06b9033b01bc0c8d609"
		},
		{
			"$oid": "5c0ad23d8226ce1c191a1801"
		},
		{
			"$oid": "5c0ad23d8226ce1c191a181d"
		},
		{
			"$oid": "5c0acd9b712c951a9ef7c32c"
		},
		{
			"$oid": "5c0acd9b712c951a9ef7c32c"
		}
	],
	"owner": {
		"$oid": "5c0ab0de12e593135f96c574"
	},
	"coordinate": {
		"latitude": "48.8377",
		"longitude": "2.4943"
	},
	"createdAt": {
		"$date": "2018-12-07T21:45:40.970Z"
	},
	"updatedAt": {
		"$date": "2018-12-13T15:42:18.288Z"
	},
	"__v": 0
},
{
	"_id": {
		"$oid": "5c0aea042b6d72232c9f42a3"
	},
	"books": [
		{
			"$oid": "5c0ad06b9033b01bc0c8d64d"
		},
		{
			"$oid": "5c0ad06b9033b01bc0c8d647"
		},
		{
			"$oid": "5c0acd9b712c951a9ef7c326"
		},
		{
			"$oid": "5c0ad23d8226ce1c191a1809"
		},
		{
			"$oid": "5c0ad06b9033b01bc0c8d645"
		},
		{
			"$oid": "5c0ad06b9033b01bc0c8d63d"
		}
	],
	"owner": {
		"$oid": "5c0ab116d97b4f137fbdfa23"
	},
	"coordinate": {
		"latitude": "48.8377",
		"longitude": "2.5515"
	},
	"createdAt": {
		"$date": "2018-12-07T21:45:40.978Z"
	},
	"updatedAt": {
		"$date": "2018-12-13T15:42:18.288Z"
	},
	"__v": 0
},
{
	"_id": {
		"$oid": "5c0aea042b6d72232c9f42a5"
	},
	"books": [
		{
			"$oid": "5c0ad06b9033b01bc0c8d64f"
		},
		{
			"$oid": "5c0ad06b9033b01bc0c8d61d"
		},
		{
			"$oid": "5c0ad23d8226ce1c191a1835"
		},
		{
			"$oid": "5c0ad23c8226ce1c191a17e3"
		},
		{
			"$oid": "5c0ad06b9033b01bc0c8d645"
		},
		{
			"$oid": "5c0acd9b712c951a9ef7c330"
		}
	],
	"owner": {
		"$oid": "5c0ab116d97b4f137fbdfa27"
	},
	"coordinate": {
		"latitude": "48.8377",
		"longitude": "1.6229"
	},
	"createdAt": {
		"$date": "2018-12-07T21:45:40.981Z"
	},
	"updatedAt": {
		"$date": "2018-12-13T15:42:18.288Z"
	},
	"__v": 0
},
{
	"_id": {
		"$oid": "5c0aea042b6d72232c9f42a4"
	},
	"books": [
		{
			"$oid": "5c0ad23c8226ce1c191a17ed"
		},
		{
			"$oid": "5c0ad06b9033b01bc0c8d62f"
		},
		{
			"$oid": "5c0ad06b9033b01bc0c8d649"
		},
		{
			"$oid": "5c0ad06b9033b01bc0c8d65b"
		},
		{
			"$oid": "5c0ad06b9033b01bc0c8d627"
		},
		{
			"$oid": "5c0ad06b9033b01bc0c8d619"
		}
	],
	"owner": {
		"$oid": "5c0ab116d97b4f137fbdfa0e"
	},
	"coordinate": {
		"latitude": "48.8377",
		"longitude": "1.5954"
	},
	"createdAt": {
		"$date": "2018-12-07T21:45:40.980Z"
	},
	"updatedAt": {
		"$date": "2018-12-13T15:42:18.288Z"
	},
	"__v": 0
},
{
	"_id": {
		"$oid": "5c0aea042b6d72232c9f42a6"
	},
	"books": [
		{
			"$oid": "5c0ad06b9033b01bc0c8d619"
		},
		{
			"$oid": "5c0ad06b9033b01bc0c8d609"
		},
		{
			"$oid": "5c0ad06b9033b01bc0c8d64f"
		},
		{
			"$oid": "5c0ad06b9033b01bc0c8d65b"
		},
		{
			"$oid": "5c0ad06b9033b01bc0c8d643"
		},
		{
			"$oid": "5c0ad06b9033b01bc0c8d627"
		}
	],
	"owner": {
		"$oid": "5c0ab116d97b4f137fbdfa21"
	},
	"coordinate": {
		"latitude": "48.8377",
		"longitude": "2.3320"
	},
	"createdAt": {
		"$date": "2018-12-07T21:45:40.983Z"
	},
	"updatedAt": {
		"$date": "2018-12-13T15:42:18.288Z"
	},
	"__v": 0
},
{
	"_id": {
		"$oid": "5c0aea042b6d72232c9f42a8"
	},
	"books": [
		{
			"$oid": "5c0ad23d8226ce1c191a1823"
		},
		{
			"$oid": "5c0ad06b9033b01bc0c8d623"
		},
		{
			"$oid": "5c0ad23d8226ce1c191a1841"
		},
		{
			"$oid": "5c0ad23c8226ce1c191a17e9"
		},
		{
			"$oid": "5c0acd9b712c951a9ef7c330"
		},
		{
			"$oid": "5c0ad23d8226ce1c191a1815"
		}
	],
	"owner": {
		"$oid": "5c0ab116d97b4f137fbdfa29"
	},
	"coordinate": {
		"latitude": "44.8325",
		"longitude": "-0.4678"
	},
	"createdAt": {
		"$date": "2018-12-07T21:45:40.986Z"
	},
	"updatedAt": {
		"$date": "2018-12-13T15:43:01.445Z"
	},
	"__v": 0
},
{
	"_id": {
		"$oid": "5c0aea042b6d72232c9f42a9"
	},
	"books": [
		{
			"$oid": "5c0ad06b9033b01bc0c8d625"
		},
		{
			"$oid": "5c0ad06b9033b01bc0c8d60b"
		},
		{
			"$oid": "5c0ad06b9033b01bc0c8d63d"
		},
		{
			"$oid": "5c0ad06b9033b01bc0c8d61d"
		},
		{
			"$oid": "5c0ad23c8226ce1c191a17f1"
		},
		{
			"$oid": "5c0ad23d8226ce1c191a1813"
		}
	],
	"owner": {
		"$oid": "5c0ab116d97b4f137fbdfa2d"
	},
	"coordinate": {
		"latitude": "44.8325",
		"longitude": "-0.5031"
	},
	"createdAt": {
		"$date": "2018-12-07T21:45:40.988Z"
	},
	"updatedAt": {
		"$date": "2018-12-13T15:43:01.447Z"
	},
	"__v": 0
},
{
	"_id": {
		"$oid": "5c0aea042b6d72232c9f42aa"
	},
	"books": [
		{
			"$oid": "5c0ad06b9033b01bc0c8d63d"
		},
		{
			"$oid": "5c0ad06b9033b01bc0c8d639"
		},
		{
			"$oid": "5c0ad06b9033b01bc0c8d625"
		},
		{
			"$oid": "5c0ad06b9033b01bc0c8d65b"
		},
		{
			"$oid": "5c0ad06b9033b01bc0c8d60d"
		},
		{
			"$oid": "5c0ad06b9033b01bc0c8d649"
		}
	],
	"owner": {
		"$oid": "5c0ab116d97b4f137fbdfa32"
	},
	"coordinate": {
		"latitude": "44.8325",
		"longitude": "-1.1695"
	},
	"createdAt": {
		"$date": "2018-12-07T21:45:40.989Z"
	},
	"updatedAt": {
		"$date": "2018-12-13T15:43:01.447Z"
	},
	"__v": 0
},
{
	"_id": {
		"$oid": "5c0aea042b6d72232c9f42ab"
	},
	"books": [
		{
			"$oid": "5c0ad23d8226ce1c191a1813"
		},
		{
			"$oid": "5c0ad23d8226ce1c191a1807"
		},
		{
			"$oid": "5c0ad06b9033b01bc0c8d655"
		},
		{
			"$oid": "5c0ad06b9033b01bc0c8d629"
		},
		{
			"$oid": "5c0ad23d8226ce1c191a183f"
		},
		{
			"$oid": "5c0ad06b9033b01bc0c8d659"
		}
	],
	"owner": {
		"$oid": "5c0ab116d97b4f137fbdfa30"
	},
	"coordinate": {
		"latitude": "44.8325",
		"longitude": "-1.3761"
	},
	"createdAt": {
		"$date": "2018-12-07T21:45:40.991Z"
	},
	"updatedAt": {
		"$date": "2018-12-13T15:43:01.447Z"
	},
	"__v": 0
},
{
	"_id": {
		"$oid": "5c0aea042b6d72232c9f42ac"
	},
	"books": [
		{
			"$oid": "5c0ad23c8226ce1c191a17f3"
		},
		{
			"$oid": "5c0ad06b9033b01bc0c8d62b"
		},
		{
			"$oid": "5c0ad23d8226ce1c191a183b"
		},
		{
			"$oid": "5c0ad06b9033b01bc0c8d60f"
		},
		{
			"$oid": "5c0ad23d8226ce1c191a1843"
		},
		{
			"$oid": "5c0ad23c8226ce1c191a17e9"
		}
	],
	"owner": {
		"$oid": "5c0ab116d97b4f137fbdfa22"
	},
	"coordinate": {
		"latitude": "44.8325",
		"longitude": "-1.0664"
	},
	"createdAt": {
		"$date": "2018-12-07T21:45:40.992Z"
	},
	"updatedAt": {
		"$date": "2018-12-13T15:43:01.448Z"
	},
	"__v": 0
},
{
	"_id": {
		"$oid": "5c0aea042b6d72232c9f42a7"
	},
	"books": [
		{
			"$oid": "5c0ad06b9033b01bc0c8d611"
		},
		{
			"$oid": "5c0ad23d8226ce1c191a1803"
		},
		{
			"$oid": "5c0ad23c8226ce1c191a17e5"
		},
		{
			"$oid": "5c0ad06b9033b01bc0c8d62d"
		},
		{
			"$oid": "5c0ad23d8226ce1c191a1833"
		},
		{
			"$oid": "5c0ad06b9033b01bc0c8d627"
		}
	],
	"owner": {
		"$oid": "5c0ab0de12e593135f96c575"
	},
	"coordinate": {
		"latitude": "44.8325",
		"longitude": "-0.5262"
	},
	"createdAt": {
		"$date": "2018-12-07T21:45:40.984Z"
	},
	"updatedAt": {
		"$date": "2018-12-13T15:43:01.448Z"
	},
	"__v": 0
},
{
	"_id": {
		"$oid": "5c0aea042b6d72232c9f42ae"
	},
	"books": [
		{
			"$oid": "5c0ad06b9033b01bc0c8d62b"
		},
		{
			"$oid": "5c0ad06b9033b01bc0c8d613"
		},
		{
			"$oid": "5c0ad06b9033b01bc0c8d639"
		},
		{
			"$oid": "5c0ad23c8226ce1c191a17ed"
		},
		{
			"$oid": "5c0ad23d8226ce1c191a1821"
		},
		{
			"$oid": "5c0ad06b9033b01bc0c8d60f"
		}
	],
	"owner": {
		"$oid": "5c0ab116d97b4f137fbdfa33"
	},
	"coordinate": {
		"latitude": "44.8325",
		"longitude": "-0.4156"
	},
	"createdAt": {
		"$date": "2018-12-07T21:45:40.996Z"
	},
	"updatedAt": {
		"$date": "2018-12-13T15:43:01.448Z"
	},
	"__v": 0
},
{
	"_id": {
		"$oid": "5c0aea042b6d72232c9f42ad"
	},
	"books": [
		{
			"$oid": "5c0ad06b9033b01bc0c8d63b"
		},
		{
			"$oid": "5c0ad23d8226ce1c191a183f"
		},
		{
			"$oid": "5c0ad06b9033b01bc0c8d639"
		},
		{
			"$oid": "5c0ad06b9033b01bc0c8d63b"
		},
		{
			"$oid": "5c0ad23d8226ce1c191a1803"
		},
		{
			"$oid": "5c0ad06b9033b01bc0c8d635"
		}
	],
	"owner": {
		"$oid": "5c0ab116d97b4f137fbdfa26"
	},
	"coordinate": {
		"latitude": "44.8325",
		"longitude": "-0.3709"
	},
	"createdAt": {
		"$date": "2018-12-07T21:45:40.994Z"
	},
	"updatedAt": {
		"$date": "2018-12-13T15:43:01.449Z"
	},
	"__v": 0
},
{
	"_id": {
		"$oid": "5c0aea062b6d72232c9f42af"
	},
	"books": [
		{
			"$oid": "5c0ad23d8226ce1c191a1807"
		},
		{
			"$oid": "5c0ad06b9033b01bc0c8d65b"
		},
		{
			"$oid": "5c0ad23d8226ce1c191a1817"
		},
		{
			"$oid": "5c0ad23d8226ce1c191a182b"
		},
		{
			"$oid": "5c0acd9b712c951a9ef7c32a"
		},
		{
			"$oid": "5c0ad06b9033b01bc0c8d621"
		}
	],
	"owner": {
		"$oid": "5c0ab116d97b4f137fbdfa35"
	},
	"coordinate": {
		"latitude": "44.8325",
		"longitude": "-0.9120"
	},
	"createdAt": {
		"$date": "2018-12-07T21:45:42.405Z"
	},
	"updatedAt": {
		"$date": "2018-12-13T15:43:01.449Z"
	},
	"__v": 0
},
{
	"_id": {
		"$oid": "5c0aea062b6d72232c9f42b0"
	},
	"books": [
		{
			"$oid": "5c0ad23d8226ce1c191a181f"
		},
		{
			"$oid": "5c0ad06b9033b01bc0c8d63d"
		},
		{
			"$oid": "5c0ad06b9033b01bc0c8d645"
		},
		{
			"$oid": "5c0ad23d8226ce1c191a1823"
		},
		{
			"$oid": "5c0ad06b9033b01bc0c8d627"
		},
		{
			"$oid": "5c0ad06b9033b01bc0c8d615"
		}
	],
	"owner": {
		"$oid": "5c0ab116d97b4f137fbdfa34"
	},
	"coordinate": {
		"latitude": "44.8325",
		"longitude": "-0.4136"
	},
	"createdAt": {
		"$date": "2018-12-07T21:45:42.423Z"
	},
	"updatedAt": {
		"$date": "2018-12-13T15:43:01.449Z"
	},
	"__v": 0
}]

