[{
	"_id": {
		"$oid": "5c0ab0de12e593135f96c576"
	},
	"bookcases": [
		{
			"$oid": "5c0aea042b6d72232c9f4293"
		}
	],
	"pseudo": "purpleswan808",
	"email": "eva.diez@example.com",
	"password": "$2b$10$1azxlC8H8PdsUj.bhUAWU.JN7bml3gs66b/52tM6Cqc64booRD6mG",
	"profileImageUrl": "https://randomuser.me/api/portraits/women/7.jpg",
	"comments": [],
	"createdAt": {
		"$date": "2018-12-07T17:41:50.475Z"
	},
	"updatedAt": {
		"$date": "2018-12-07T21:45:41.533Z"
	},
	"__v": 0
},
{
	"_id": {
		"$oid": "5c0ab079e6a03d12f892c3ba"
	},
	"bookcases": [
		{
			"$oid": "5c0aea042b6d72232c9f4298"
		}
	],
	"pseudo": "yellowelephant920",
	"email": "alex.lorenzo@example.com",
	"password": "$2b$10$eKnfovciqKhAKlGmeZmy8OznmaWYxqePAloAoW948AobDEJpdNtri",
	"profileImageUrl": "https://randomuser.me/api/portraits/men/68.jpg",
	"comments": [],
	"createdAt": {
		"$date": "2018-12-07T17:40:09.813Z"
	},
	"updatedAt": {
		"$date": "2018-12-07T21:45:41.187Z"
	},
	"__v": 0
},
{
	"_id": {
		"$oid": "5c0ab0de12e593135f96c57a"
	},
	"bookcases": [
		{
			"$oid": "5c0aea042b6d72232c9f4281"
		}
	],
	"pseudo": "heavyfish358",
	"email": "benito.garcia@example.com",
	"password": "$2b$10$7yTmEUfFhZBb8QRJnuBdxuEkwM3542gpdkKPHTcTwB3.8ZfayFVQu",
	"profileImageUrl": "https://randomuser.me/api/portraits/men/58.jpg",
	"comments": [],
	"createdAt": {
		"$date": "2018-12-07T17:41:50.475Z"
	},
	"updatedAt": {
		"$date": "2018-12-07T21:45:40.511Z"
	},
	"__v": 0
},
{
	"_id": {
		"$oid": "5c0ab0de12e593135f96c57b"
	},
	"bookcases": [
		{
			"$oid": "5c0aea042b6d72232c9f4280"
		}
	],
	"pseudo": "orangepeacock266",
	"email": "luisa.alonso@example.com",
	"password": "$2b$10$GMm3sVqgs05Homxi.8BbfO0zEwNeM9.kM2Pf1.B6vcXCe5ojj8Pzi",
	"profileImageUrl": "https://randomuser.me/api/portraits/women/18.jpg",
	"comments": [],
	"createdAt": {
		"$date": "2018-12-07T17:41:50.475Z"
	},
	"updatedAt": {
		"$date": "2018-12-07T21:45:40.512Z"
	},
	"__v": 0
},
{
	"_id": {
		"$oid": "5c0ab116d97b4f137fbdfa0e"
	},
	"bookcases": [
		{
			"$oid": "5c0aea042b6d72232c9f42a4"
		}
	],
	"pseudo": "sadmeercat466",
	"email": "anaïs.dumont@example.com",
	"password": "$2b$10$TEcVS6HwpA.7GPxue1N3k.mZjP0Zy3.CEjgU2PLXhJkuK3wwerILy",
	"profileImageUrl": "https://randomuser.me/api/portraits/women/60.jpg",
	"comments": [],
	"createdAt": {
		"$date": "2018-12-07T17:42:46.028Z"
	},
	"updatedAt": {
		"$date": "2018-12-07T21:45:41.534Z"
	},
	"__v": 0
},
{
	"_id": {
		"$oid": "5c0ab116d97b4f137fbdfa13"
	},
	"bookcases": [
		{
			"$oid": "5c0aea042b6d72232c9f429f"
		}
	],
	"pseudo": "crazyswan351",
	"email": "garance.dupuis@example.com",
	"password": "$2b$10$hp13UQwhOcg9Ivo88NQ3y.9nNZvbk2n00yaNcHAIJe8TgDT9304g6",
	"profileImageUrl": "https://randomuser.me/api/portraits/women/81.jpg",
	"comments": [],
	"createdAt": {
		"$date": "2018-12-07T17:42:46.029Z"
	},
	"updatedAt": {
		"$date": "2018-12-07T21:45:41.533Z"
	},
	"__v": 0
},
{
	"_id": {
		"$oid": "5c0ab0de12e593135f96c574"
	},
	"bookcases": [
		{
			"$oid": "5c0aea042b6d72232c9f429e"
		}
	],
	"pseudo": "blackwolf650",
	"email": "nerea.gimenez@example.com",
	"password": "$2b$10$djDZJ1LgjLUQQc7K0cYXQO5Q8f5wBO08k9r3/rRBf/.hCa1lRKKxW",
	"profileImageUrl": "https://randomuser.me/api/portraits/women/65.jpg",
	"comments": [],
	"createdAt": {
		"$date": "2018-12-07T17:41:50.474Z"
	},
	"updatedAt": {
		"$date": "2018-12-07T21:45:41.533Z"
	},
	"__v": 0
},
{
	"_id": {
		"$oid": "5c0ab0de12e593135f96c579"
	},
	"bookcases": [
		{
			"$oid": "5c0aea042b6d72232c9f42a2"
		}
	],
	"pseudo": "whiteostrich516",
	"email": "eugenio.velasco@example.com",
	"password": "$2b$10$jdnPm4m8G8tIk7yU4M0mO.yady83boJ1DccSRCY0RJL..cI0HFI72",
	"profileImageUrl": "https://randomuser.me/api/portraits/men/63.jpg",
	"comments": [],
	"createdAt": {
		"$date": "2018-12-07T17:41:50.475Z"
	},
	"updatedAt": {
		"$date": "2018-12-07T21:45:41.833Z"
	},
	"__v": 0
},
{
	"_id": {
		"$oid": "5c0ab116d97b4f137fbdfa12"
	},
	"bookcases": [
		{
			"$oid": "5c0aea042b6d72232c9f4283"
		}
	],
	"pseudo": "happyleopard683",
	"email": "elliot.berger@example.com",
	"password": "$2b$10$sze4LC/bikOuFdBMBSTgVuCfcCcfmJbN18HOM.rJdubI9nEL6XqMm",
	"profileImageUrl": "https://randomuser.me/api/portraits/men/75.jpg",
	"comments": [],
	"createdAt": {
		"$date": "2018-12-07T17:42:46.029Z"
	},
	"updatedAt": {
		"$date": "2018-12-07T21:45:40.647Z"
	},
	"__v": 0
},
{
	"_id": {
		"$oid": "5c0ab0de12e593135f96c575"
	},
	"bookcases": [
		{
			"$oid": "5c0aea042b6d72232c9f42a7"
		}
	],
	"pseudo": "sadlion668",
	"email": "andres.campos@example.com",
	"password": "$2b$10$WR8P4G6PcLFq4UkLw6St0.FBolj.tXtq55HQShglrKdWZbQTqA212",
	"profileImageUrl": "https://randomuser.me/api/portraits/men/15.jpg",
	"comments": [],
	"createdAt": {
		"$date": "2018-12-07T17:41:50.475Z"
	},
	"updatedAt": {
		"$date": "2018-12-07T21:45:41.833Z"
	},
	"__v": 0
},
{
	"_id": {
		"$oid": "5c0ab116d97b4f137fbdfa17"
	},
	"bookcases": [
		{
			"$oid": "5c0aea042b6d72232c9f428b"
		}
	],
	"pseudo": "tinygorilla807",
	"email": "mathieu.leroy@example.com",
	"password": "$2b$10$slQ4pVfxYuekHopuaOko4.R8Qg.OUET7AdWsd7GtrIvRXq.MBYnjy",
	"profileImageUrl": "https://randomuser.me/api/portraits/men/42.jpg",
	"comments": [],
	"createdAt": {
		"$date": "2018-12-07T17:42:46.029Z"
	},
	"updatedAt": {
		"$date": "2018-12-07T21:45:40.881Z"
	},
	"__v": 0
},
{
	"_id": {
		"$oid": "5c0ab116d97b4f137fbdfa15"
	},
	"bookcases": [
		{
			"$oid": "5c0aea042b6d72232c9f4285"
		}
	],
	"pseudo": "redbear160",
	"email": "soan.blanchard@example.com",
	"password": "$2b$10$FMBLT6nVg4uznF7SY9vUOeWf5hM1JGw.RxezxAU1Fb4Vp0dUPpOi6",
	"profileImageUrl": "https://randomuser.me/api/portraits/men/56.jpg",
	"comments": [],
	"createdAt": {
		"$date": "2018-12-07T17:42:46.029Z"
	},
	"updatedAt": {
		"$date": "2018-12-07T21:45:40.778Z"
	},
	"__v": 0
},
{
	"_id": {
		"$oid": "5c0ab116d97b4f137fbdfa11"
	},
	"bookcases": [
		{
			"$oid": "5c0aea042b6d72232c9f4288"
		}
	],
	"pseudo": "orangepanda398",
	"email": "pauline.barbier@example.com",
	"password": "$2b$10$bDI72IT.SMXM66ZJToN22es..4.qcGehpNxEYI8aLsk5u8RRNOqz6",
	"profileImageUrl": "https://randomuser.me/api/portraits/women/64.jpg",
	"comments": [],
	"createdAt": {
		"$date": "2018-12-07T17:42:46.029Z"
	},
	"updatedAt": {
		"$date": "2018-12-07T21:45:40.779Z"
	},
	"__v": 0
},
{
	"_id": {
		"$oid": "5c0ab116d97b4f137fbdfa14"
	},
	"bookcases": [
		{
			"$oid": "5c0aea042b6d72232c9f4287"
		}
	],
	"pseudo": "blackpanda862",
	"email": "léonie.rodriguez@example.com",
	"password": "$2b$10$xi6KcWFStvXLh7guXu9oS.GT7Icj65A4RBJvjpQfo.6wX.e5EP.LW",
	"profileImageUrl": "https://randomuser.me/api/portraits/women/18.jpg",
	"comments": [],
	"createdAt": {
		"$date": "2018-12-07T17:42:46.029Z"
	},
	"updatedAt": {
		"$date": "2018-12-07T21:45:40.880Z"
	},
	"__v": 0
},
{
	"_id": {
		"$oid": "5c0ab116d97b4f137fbdfa18"
	},
	"bookcases": [
		{
			"$oid": "5c0aea042b6d72232c9f427f"
		}
	],
	"pseudo": "orangefrog378",
	"email": "noemie.sanchez@example.com",
	"password": "$2b$10$LKFO5OiLGu2IRoHvdmrtBuh7G1BcnEGbOPMEZ1XBxdXXLvB49wnNq",
	"profileImageUrl": "https://randomuser.me/api/portraits/women/93.jpg",
	"comments": [],
	"createdAt": {
		"$date": "2018-12-07T17:42:46.029Z"
	},
	"updatedAt": {
		"$date": "2018-12-07T21:45:40.477Z"
	},
	"__v": 0
},
{
	"_id": {
		"$oid": "5c0ab116d97b4f137fbdfa16"
	},
	"bookcases": [
		{
			"$oid": "5c0aea042b6d72232c9f4286"
		}
	],
	"pseudo": "goldenfish867",
	"email": "kiara.richard@example.com",
	"password": "$2b$10$J3c7t9a1KOeuOXj58MlXwOpkiDWSw6ZKeqxjsQnHp06iaC82ymqIy",
	"profileImageUrl": "https://randomuser.me/api/portraits/women/79.jpg",
	"comments": [],
	"createdAt": {
		"$date": "2018-12-07T17:42:46.029Z"
	},
	"updatedAt": {
		"$date": "2018-12-07T21:45:40.779Z"
	},
	"__v": 0
},
{
	"_id": {
		"$oid": "5c0ab116d97b4f137fbdfa0f"
	},
	"bookcases": [
		{
			"$oid": "5c0aea042b6d72232c9f4284"
		}
	],
	"pseudo": "silverpeacock105",
	"email": "julien.nguyen@example.com",
	"password": "$2b$10$64Xq90geBqWwB6jX1EJlfebkRrPHkzWnmfX9zR3cgJQLhUBvfGTjm",
	"profileImageUrl": "https://randomuser.me/api/portraits/men/3.jpg",
	"comments": [],
	"createdAt": {
		"$date": "2018-12-07T17:42:46.029Z"
	},
	"updatedAt": {
		"$date": "2018-12-07T21:45:40.778Z"
	},
	"__v": 0
},
{
	"_id": {
		"$oid": "5c0ab0de12e593135f96c578"
	},
	"bookcases": [
		{
			"$oid": "5c0aea042b6d72232c9f4299"
		}
	],
	"pseudo": "crazyladybug624",
	"email": "gregorio.parra@example.com",
	"password": "$2b$10$Z8ku.8dK894W6BPVi9JKD.RPJNaoN6.YWMPZan3k6M5yWQLr8.oGm",
	"profileImageUrl": "https://randomuser.me/api/portraits/men/45.jpg",
	"comments": [],
	"createdAt": {
		"$date": "2018-12-07T17:41:50.475Z"
	},
	"updatedAt": {
		"$date": "2018-12-07T21:45:41.533Z"
	},
	"__v": 0
},
{
	"_id": {
		"$oid": "5c0ab0de12e593135f96c573"
	},
	"bookcases": [
		{
			"$oid": "5c0aea042b6d72232c9f4291"
		}
	],
	"pseudo": "silverbird912",
	"email": "beatriz.perez@example.com",
	"password": "$2b$10$0vhp9ZCITudhWiCOiBj1qO9IKzoOQ.fcqKlP9Ezl84lfRPbqPM0ym",
	"profileImageUrl": "https://randomuser.me/api/portraits/women/73.jpg",
	"comments": [],
	"createdAt": {
		"$date": "2018-12-07T17:41:50.474Z"
	},
	"updatedAt": {
		"$date": "2018-12-07T21:45:41.190Z"
	},
	"__v": 0
},
{
	"_id": {
		"$oid": "5c0ab116d97b4f137fbdfa10"
	},
	"bookcases": [
		{
			"$oid": "5c0aea042b6d72232c9f428d"
		}
	],
	"pseudo": "crazygorilla798",
	"email": "dorian.louis@example.com",
	"password": "$2b$10$JLixwFTqckA2v4.TOPJl9.q4uCJZx7hUwY9HephaEiiIkLyMmREie",
	"profileImageUrl": "https://randomuser.me/api/portraits/men/4.jpg",
	"comments": [],
	"createdAt": {
		"$date": "2018-12-07T17:42:46.029Z"
	},
	"updatedAt": {
		"$date": "2018-12-07T21:45:41.002Z"
	},
	"__v": 0
},
{
	"_id": {
		"$oid": "5c0ab116d97b4f137fbdfa19"
	},
	"bookcases": [
		{
			"$oid": "5c0aea042b6d72232c9f428c"
		}
	],
	"pseudo": "bigleopard975",
	"email": "timothee.fabre@example.com",
	"password": "$2b$10$BR.CxB0iAMnBDvu3fWGd6OXJZikBh8Dc7MD2tGuMkiQS1sPUXkr/y",
	"profileImageUrl": "https://randomuser.me/api/portraits/men/71.jpg",
	"comments": [],
	"createdAt": {
		"$date": "2018-12-07T17:42:46.029Z"
	},
	"updatedAt": {
		"$date": "2018-12-07T21:45:40.881Z"
	},
	"__v": 0
},
{
	"_id": {
		"$oid": "5c0ab116d97b4f137fbdfa1c"
	},
	"bookcases": [
		{
			"$oid": "5c0aea042b6d72232c9f428e"
		}
	],
	"pseudo": "goldenostrich482",
	"email": "yann.martinez@example.com",
	"password": "$2b$10$Olfe52qCzB7/WdCXoi5K/.4JWEj45d0U/XeNEhf72t7r9O50V1JyC",
	"profileImageUrl": "https://randomuser.me/api/portraits/men/86.jpg",
	"comments": [],
	"createdAt": {
		"$date": "2018-12-07T17:42:46.029Z"
	},
	"updatedAt": {
		"$date": "2018-12-07T21:45:41.187Z"
	},
	"__v": 0
},
{
	"_id": {
		"$oid": "5c0ab116d97b4f137fbdfa1d"
	},
	"bookcases": [
		{
			"$oid": "5c0aea042b6d72232c9f428a"
		}
	],
	"pseudo": "angryostrich745",
	"email": "alyssa.lemaire@example.com",
	"password": "$2b$10$mw6LEoSUUShWwDaCuBcdteNtkuxES5wewqplKKOi/fYO3DlnOpSFC",
	"profileImageUrl": "https://randomuser.me/api/portraits/women/95.jpg",
	"comments": [],
	"createdAt": {
		"$date": "2018-12-07T17:42:46.029Z"
	},
	"updatedAt": {
		"$date": "2018-12-07T21:45:41.002Z"
	},
	"__v": 0
},
{
	"_id": {
		"$oid": "5c0ab0de12e593135f96c577"
	},
	"bookcases": [
		{
			"$oid": "5c0aea042b6d72232c9f4295"
		}
	],
	"pseudo": "orangefish803",
	"email": "pilar.navarro@example.com",
	"password": "$2b$10$1zxoiZvZIWXV1pN7xjmPMuTscJ0mxI1jIdBHpTqY6z1mPjm2iT/lC",
	"profileImageUrl": "https://randomuser.me/api/portraits/women/60.jpg",
	"comments": [],
	"createdAt": {
		"$date": "2018-12-07T17:41:50.475Z"
	},
	"updatedAt": {
		"$date": "2018-12-07T21:45:41.533Z"
	},
	"__v": 0
},
{
	"_id": {
		"$oid": "5c0ab116d97b4f137fbdfa1b"
	},
	"bookcases": [
		{
			"$oid": "5c0aea042b6d72232c9f428f"
		}
	],
	"pseudo": "beautifulbutterfly430",
	"email": "lukas.guillot@example.com",
	"password": "$2b$10$WJwQOo.og0Ia3uqNM6fnWu/99JabFad3E1ZgCIxs/Hzj3tQ4ynF6u",
	"profileImageUrl": "https://randomuser.me/api/portraits/men/38.jpg",
	"comments": [],
	"createdAt": {
		"$date": "2018-12-07T17:42:46.029Z"
	},
	"updatedAt": {
		"$date": "2018-12-07T21:45:41.190Z"
	},
	"__v": 0
},
{
	"_id": {
		"$oid": "5c0ab116d97b4f137fbdfa21"
	},
	"bookcases": [
		{
			"$oid": "5c0aea042b6d72232c9f42a6"
		}
	],
	"pseudo": "beautifulrabbit817",
	"email": "célian.gaillard@example.com",
	"password": "$2b$10$6Z8vtgxfjSFd9FzgnGMezuX1X09YLcI78.lh/MxifpOvlfhpooZXi",
	"profileImageUrl": "https://randomuser.me/api/portraits/men/91.jpg",
	"comments": [],
	"createdAt": {
		"$date": "2018-12-07T17:42:46.029Z"
	},
	"updatedAt": {
		"$date": "2018-12-07T21:45:41.534Z"
	},
	"__v": 0
},
{
	"_id": {
		"$oid": "5c0ab116d97b4f137fbdfa1f"
	},
	"bookcases": [
		{
			"$oid": "5c0aea042b6d72232c9f4282"
		}
	],
	"pseudo": "tinylion792",
	"email": "estelle.mathieu@example.com",
	"password": "$2b$10$zyD059y7yQznCfq0TJSzyOduLZ5dwSYUWKaHmd10PetOusczBrkNa",
	"profileImageUrl": "https://randomuser.me/api/portraits/women/90.jpg",
	"comments": [],
	"createdAt": {
		"$date": "2018-12-07T17:42:46.029Z"
	},
	"updatedAt": {
		"$date": "2018-12-07T21:45:40.537Z"
	},
	"__v": 0
},
{
	"_id": {
		"$oid": "5c0ab116d97b4f137fbdfa25"
	},
	"bookcases": [
		{
			"$oid": "5c0aea042b6d72232c9f4290"
		}
	],
	"pseudo": "yellowpanda522",
	"email": "eline.gerard@example.com",
	"password": "$2b$10$8/0vIEBAwzVE5vUv81hYa.6QXzsab/xS1cD6NvWkswIIrRlNuOS6C",
	"profileImageUrl": "https://randomuser.me/api/portraits/women/42.jpg",
	"comments": [],
	"createdAt": {
		"$date": "2018-12-07T17:42:46.029Z"
	},
	"updatedAt": {
		"$date": "2018-12-07T21:45:41.190Z"
	},
	"__v": 0
},
{
	"_id": {
		"$oid": "5c0ab116d97b4f137fbdfa22"
	},
	"bookcases": [
		{
			"$oid": "5c0aea042b6d72232c9f42ac"
		}
	],
	"pseudo": "crazyrabbit837",
	"email": "elise.giraud@example.com",
	"password": "$2b$10$T7piFqMzEqaBaMZgiTyovOwTkjbWVGb8qddrhGXEsXPpfzobvLDCu",
	"profileImageUrl": "https://randomuser.me/api/portraits/women/52.jpg",
	"comments": [],
	"createdAt": {
		"$date": "2018-12-07T17:42:46.029Z"
	},
	"updatedAt": {
		"$date": "2018-12-07T21:45:41.833Z"
	},
	"__v": 0
},
{
	"_id": {
		"$oid": "5c0ab116d97b4f137fbdfa23"
	},
	"bookcases": [
		{
			"$oid": "5c0aea042b6d72232c9f42a3"
		}
	],
	"pseudo": "heavybutterfly509",
	"email": "nino.renaud@example.com",
	"password": "$2b$10$pIKQ9OMOG8oh94Jigg88MujetwxyEsO2o8leoyvdN8FP3kPG8UHZK",
	"profileImageUrl": "https://randomuser.me/api/portraits/men/66.jpg",
	"comments": [],
	"createdAt": {
		"$date": "2018-12-07T17:42:46.029Z"
	},
	"updatedAt": {
		"$date": "2018-12-07T21:45:41.190Z"
	},
	"__v": 0
},
{
	"_id": {
		"$oid": "5c0ab116d97b4f137fbdfa26"
	},
	"bookcases": [
		{
			"$oid": "5c0aea042b6d72232c9f42ad"
		}
	],
	"pseudo": "heavyfish548",
	"email": "julien.mercier@example.com",
	"password": "$2b$10$7bBFXBo.6IzqKdYTH44Xt.1Up.bYBU4TJkRhKnfVykwh7RtckgwD.",
	"profileImageUrl": "https://randomuser.me/api/portraits/men/67.jpg",
	"comments": [],
	"createdAt": {
		"$date": "2018-12-07T17:42:46.029Z"
	},
	"updatedAt": {
		"$date": "2018-12-07T21:45:41.534Z"
	},
	"__v": 0
},
{
	"_id": {
		"$oid": "5c0ab116d97b4f137fbdfa27"
	},
	"bookcases": [
		{
			"$oid": "5c0aea042b6d72232c9f42a5"
		}
	],
	"pseudo": "silverduck513",
	"email": "louna.lacroix@example.com",
	"password": "$2b$10$72pAg1TFzmEG35SJoN0aXO6uQW7oxH8FYjmYrpqjuo.DdQRa0hN.O",
	"profileImageUrl": "https://randomuser.me/api/portraits/women/26.jpg",
	"comments": [],
	"createdAt": {
		"$date": "2018-12-07T17:42:46.029Z"
	},
	"updatedAt": {
		"$date": "2018-12-07T21:45:41.534Z"
	},
	"__v": 0
},
{
	"_id": {
		"$oid": "5c0ab116d97b4f137fbdfa1e"
	},
	"bookcases": [
		{
			"$oid": "5c0aea042b6d72232c9f4294"
		}
	],
	"pseudo": "greenwolf440",
	"email": "gabrielle.roux@example.com",
	"password": "$2b$10$R0q.5.uh/yRAydcgFZE9mOoZPG46OL8BmRtMLdiYm1aytYNCnsIdm",
	"profileImageUrl": "https://randomuser.me/api/portraits/women/30.jpg",
	"comments": [],
	"createdAt": {
		"$date": "2018-12-07T17:42:46.029Z"
	},
	"updatedAt": {
		"$date": "2018-12-07T21:45:41.533Z"
	},
	"__v": 0
},
{
	"_id": {
		"$oid": "5c0ab116d97b4f137fbdfa24"
	},
	"bookcases": [
		{
			"$oid": "5c0aea042b6d72232c9f4292"
		}
	],
	"pseudo": "organicbutterfly936",
	"email": "lison.morin@example.com",
	"password": "$2b$10$jDfRPd4VnrLFEqP1RB.KTebWOnidgCWN408HIox62mcc4FtgBIqkG",
	"profileImageUrl": "https://randomuser.me/api/portraits/women/75.jpg",
	"comments": [],
	"createdAt": {
		"$date": "2018-12-07T17:42:46.029Z"
	},
	"updatedAt": {
		"$date": "2018-12-07T21:45:41.190Z"
	},
	"__v": 0
},
{
	"_id": {
		"$oid": "5c0ab116d97b4f137fbdfa29"
	},
	"bookcases": [
		{
			"$oid": "5c0aea042b6d72232c9f42a8"
		}
	],
	"pseudo": "tinypeacock654",
	"email": "clarisse.nguyen@example.com",
	"password": "$2b$10$Q0WRdX6OEHedKoZTIb180.0VQQwJ5Vbss4LVNCfLcnhaQnqz9r8nW",
	"profileImageUrl": "https://randomuser.me/api/portraits/women/84.jpg",
	"comments": [],
	"createdAt": {
		"$date": "2018-12-07T17:42:46.030Z"
	},
	"updatedAt": {
		"$date": "2018-12-07T21:45:41.533Z"
	},
	"__v": 0
},
{
	"_id": {
		"$oid": "5c0ab116d97b4f137fbdfa2a"
	},
	"bookcases": [
		{
			"$oid": "5c0aea042b6d72232c9f4297"
		}
	],
	"pseudo": "purpleladybug741",
	"email": "isaac.petit@example.com",
	"password": "$2b$10$yLEfMeeJhzRvvVElPMPqk.MVn3FlrwHf8J3FzT4pUY6sZ6VW0.otS",
	"profileImageUrl": "https://randomuser.me/api/portraits/men/5.jpg",
	"comments": [],
	"createdAt": {
		"$date": "2018-12-07T17:42:46.030Z"
	},
	"updatedAt": {
		"$date": "2018-12-07T21:45:41.002Z"
	},
	"__v": 0
},
{
	"_id": {
		"$oid": "5c0ab116d97b4f137fbdfa28"
	},
	"bookcases": [
		{
			"$oid": "5c0aea042b6d72232c9f42a1"
		}
	],
	"pseudo": "lazyzebra308",
	"email": "amelia.muller@example.com",
	"password": "$2b$10$VqfLV5tFGMHxrQ1hgEv91ONDUNF9rpeKaqecqlUVEzzSK6ReuHA2m",
	"profileImageUrl": "https://randomuser.me/api/portraits/women/25.jpg",
	"comments": [],
	"createdAt": {
		"$date": "2018-12-07T17:42:46.030Z"
	},
	"updatedAt": {
		"$date": "2018-12-07T21:45:41.833Z"
	},
	"__v": 0
},
{
	"_id": {
		"$oid": "5c0ab116d97b4f137fbdfa2b"
	},
	"bookcases": [
		{
			"$oid": "5c0aea042b6d72232c9f42a0"
		}
	],
	"pseudo": "organictiger341",
	"email": "quentin.lacroix@example.com",
	"password": "$2b$10$O69eg9je9A06oCFF5WfUquY8eqkba5D05/XYbQ3Ns.Dhd65EoZE8y",
	"profileImageUrl": "https://randomuser.me/api/portraits/men/24.jpg",
	"comments": [],
	"createdAt": {
		"$date": "2018-12-07T17:42:46.030Z"
	},
	"updatedAt": {
		"$date": "2018-12-07T21:45:41.533Z"
	},
	"__v": 0
},
{
	"_id": {
		"$oid": "5c0ab116d97b4f137fbdfa20"
	},
	"bookcases": [
		{
			"$oid": "5c0aea042b6d72232c9f4296"
		}
	],
	"pseudo": "redmeercat285",
	"email": "auguste.philippe@example.com",
	"password": "$2b$10$zjjzZFPeS541Qto5rvj3AOP9ZoAHmnPQ123Cv4ZerErHgGuE5YCzG",
	"profileImageUrl": "https://randomuser.me/api/portraits/men/65.jpg",
	"comments": [],
	"createdAt": {
		"$date": "2018-12-07T17:42:46.029Z"
	},
	"updatedAt": {
		"$date": "2018-12-07T21:45:41.187Z"
	},
	"__v": 0
},
{
	"_id": {
		"$oid": "5c0ab116d97b4f137fbdfa2d"
	},
	"bookcases": [
		{
			"$oid": "5c0aea042b6d72232c9f42a9"
		}
	],
	"pseudo": "silverleopard224",
	"email": "constance.roger@example.com",
	"password": "$2b$10$255NHmvW9nycYn1zAlh0NO45fMcO7SkD0TtTZkfNjhGkE4N.fYRjO",
	"profileImageUrl": "https://randomuser.me/api/portraits/women/95.jpg",
	"comments": [],
	"createdAt": {
		"$date": "2018-12-07T17:42:46.030Z"
	},
	"updatedAt": {
		"$date": "2018-12-07T21:45:41.190Z"
	},
	"__v": 0
},
{
	"_id": {
		"$oid": "5c0ab116d97b4f137fbdfa2c"
	},
	"bookcases": [
		{
			"$oid": "5c0aea042b6d72232c9f429a"
		}
	],
	"pseudo": "redbird329",
	"email": "aymeric.boyer@example.com",
	"password": "$2b$10$Guru9tpAZca6LhQ15.pp4e5DRU4uqQuvIOvyqt6eiE99BdWDYukp2",
	"profileImageUrl": "https://randomuser.me/api/portraits/men/50.jpg",
	"comments": [],
	"createdAt": {
		"$date": "2018-12-07T17:42:46.030Z"
	},
	"updatedAt": {
		"$date": "2018-12-07T21:45:41.529Z"
	},
	"__v": 0
},
{
	"_id": {
		"$oid": "5c0ab116d97b4f137fbdfa2f"
	},
	"bookcases": [
		{
			"$oid": "5c0aea042b6d72232c9f429b"
		}
	],
	"pseudo": "lazyswan442",
	"email": "elsa.aubert@example.com",
	"password": "$2b$10$SPnRFPPozswvr.wdfelUA.VJw4OXNZmxF0RvrO4XfmUaF9d6j1iwa",
	"profileImageUrl": "https://randomuser.me/api/portraits/women/71.jpg",
	"comments": [],
	"createdAt": {
		"$date": "2018-12-07T17:42:46.030Z"
	},
	"updatedAt": {
		"$date": "2018-12-07T21:45:41.190Z"
	},
	"__v": 0
},
{
	"_id": {
		"$oid": "5c0ab116d97b4f137fbdfa2e"
	},
	"bookcases": [
		{
			"$oid": "5c0aea042b6d72232c9f429c"
		}
	],
	"pseudo": "blackgorilla355",
	"email": "clarisse.simon@example.com",
	"password": "$2b$10$DvvNnr/wzX87Afwm9WRK8.Z8hFu6rGVW4LNBWZLuf65b3DfiZzFPG",
	"profileImageUrl": "https://randomuser.me/api/portraits/women/42.jpg",
	"comments": [],
	"createdAt": {
		"$date": "2018-12-07T17:42:46.030Z"
	},
	"updatedAt": {
		"$date": "2018-12-07T21:45:41.190Z"
	},
	"__v": 0
},
{
	"_id": {
		"$oid": "5c0ab116d97b4f137fbdfa31"
	},
	"bookcases": [
		{
			"$oid": "5c0aea042b6d72232c9f429d"
		}
	],
	"pseudo": "whitesnake818",
	"email": "emeline.mercier@example.com",
	"password": "$2b$10$kQtQDSMeztJE91UGLYYk3OUYQe7bQ6vONxhULn3emAR199MXoh7lC",
	"profileImageUrl": "https://randomuser.me/api/portraits/women/63.jpg",
	"comments": [],
	"createdAt": {
		"$date": "2018-12-07T17:42:46.030Z"
	},
	"updatedAt": {
		"$date": "2018-12-07T21:45:41.190Z"
	},
	"__v": 0
},
{
	"_id": {
		"$oid": "5c0ab116d97b4f137fbdfa32"
	},
	"bookcases": [
		{
			"$oid": "5c0aea042b6d72232c9f42aa"
		}
	],
	"pseudo": "tinypeacock472",
	"email": "coline.duval@example.com",
	"password": "$2b$10$41.qIM6yN8HdzebJ9dyYZe6XuWpLQy8AEoTO2aEgHrZelgJ1/H.dK",
	"profileImageUrl": "https://randomuser.me/api/portraits/women/69.jpg",
	"comments": [],
	"createdAt": {
		"$date": "2018-12-07T17:42:46.030Z"
	},
	"updatedAt": {
		"$date": "2018-12-07T21:45:41.533Z"
	},
	"__v": 0
},
{
	"_id": {
		"$oid": "5c0ab116d97b4f137fbdfa35"
	},
	"bookcases": [
		{
			"$oid": "5c0aea062b6d72232c9f42af"
		}
	],
	"pseudo": "silverrabbit642",
	"email": "noam.rousseau@example.com",
	"password": "$2b$10$DLel2IiaW0Yh.qG0bJgTjuahaiNmC4B8msVxeFBmToMHHNIc2JQUq",
	"profileImageUrl": "https://randomuser.me/api/portraits/men/0.jpg",
	"comments": [],
	"createdAt": {
		"$date": "2018-12-07T17:42:46.030Z"
	},
	"updatedAt": {
		"$date": "2018-12-07T21:45:42.412Z"
	},
	"__v": 0
},
{
	"_id": {
		"$oid": "5c0ab116d97b4f137fbdfa30"
	},
	"bookcases": [
		{
			"$oid": "5c0aea042b6d72232c9f42ab"
		}
	],
	"pseudo": "whitefish937",
	"email": "mathieu.faure@example.com",
	"password": "$2b$10$JBFATcUgw2fpoEfEVNdOWOgvp5/iY9NewwdkLjQrlGQQX33mzswOi",
	"profileImageUrl": "https://randomuser.me/api/portraits/men/13.jpg",
	"comments": [],
	"createdAt": {
		"$date": "2018-12-07T17:42:46.030Z"
	},
	"updatedAt": {
		"$date": "2018-12-07T21:45:41.533Z"
	},
	"__v": 0
},
{
	"_id": {
		"$oid": "5c0ab116d97b4f137fbdfa33"
	},
	"bookcases": [
		{
			"$oid": "5c0aea042b6d72232c9f42ae"
		}
	],
	"pseudo": "biggoose599",
	"email": "nathanaël.fournier@example.com",
	"password": "$2b$10$Lgjc4uIibbFA7rYi3QWC0OxWTSm6oZA2CxL.XypvBHNbiD8b6i8GK",
	"profileImageUrl": "https://randomuser.me/api/portraits/men/40.jpg",
	"comments": [],
	"createdAt": {
		"$date": "2018-12-07T17:42:46.030Z"
	},
	"updatedAt": {
		"$date": "2018-12-07T21:45:41.827Z"
	},
	"__v": 0
},
{
	"_id": {
		"$oid": "5c0ab116d97b4f137fbdfa34"
	},
	"bookcases": [
		{
			"$oid": "5c0aea062b6d72232c9f42b0"
		}
	],
	"pseudo": "angrypanda753",
	"email": "rémy.dumas@example.com",
	"password": "$2b$10$TBNBpeY2AOEtCsK2tNFzbOPRdrCsSgB/c.mc5S2Xo4YP3if1ucAzS",
	"profileImageUrl": "https://randomuser.me/api/portraits/men/34.jpg",
	"comments": [],
	"createdAt": {
		"$date": "2018-12-07T17:42:46.030Z"
	},
	"updatedAt": {
		"$date": "2018-12-07T21:45:42.483Z"
	},
	"__v": 0
},
{
	"_id": {
		"$oid": "5c0ab116d97b4f137fbdfa1a"
	},
	"bookcases": [
		{
			"$oid": "5c0aea042b6d72232c9f4289"
		}
	],
	"pseudo": "heavyostrich624",
	"email": "adam.meunier@example.com",
	"password": "$2b$10$/.7wCG1gxt3ELiCCjb8wlODX..d2nGceFcmPOOZ7hm1N0xPXpQSa.",
	"profileImageUrl": "https://randomuser.me/api/portraits/men/77.jpg",
	"comments": [],
	"createdAt": {
		"$date": "2018-12-07T17:42:46.029Z"
	},
	"updatedAt": {
		"$date": "2018-12-07T21:45:41.002Z"
	},
	"__v": 0
}]

